case,activity,time,
2,1,02/01/2012 17:09,
2,8,02/01/2012 17:09,
2,6,02/01/2012 17:29,
5,1,02/01/2012 17:29,
5,8,02/01/2012 18:42,
5,6,02/01/2012 18:43,
5,8,02/01/2012 19:27,
5,6,02/01/2012 19:28,
8,1,02/01/2012 19:49,
8,8,02/01/2012 19:49,
8,6,02/01/2012 21:00,
16,1,02/01/2012 21:00,
16,8,02/01/2012 22:21,
16,8,03/01/2012 00:39,
16,6,03/01/2012 18:33,
22,1,03/01/2012 19:28,
22,8,03/01/2012 19:36,
22,9,03/01/2012 20:08,
22,6,03/01/2012 20:08,
29,1,03/01/2012 23:28,
29,8,03/01/2012 23:34,
29,6,03/01/2012 23:42,
35,1,03/01/2012 23:43,
35,6,04/01/2012 01:07,
38,1,04/01/2012 16:47,
38,8,04/01/2012 17:34,
38,6,04/01/2012 17:34,
40,1,04/01/2012 18:17,
40,8,04/01/2012 18:25,
40,6,04/01/2012 18:39,
43,1,04/01/2012 19:29,
43,8,04/01/2012 19:47,
43,6,04/01/2012 23:06,
45,1,05/01/2012 00:07,
45,8,05/01/2012 01:58,
45,6,05/01/2012 17:26,
50,1,05/01/2012 17:26,
50,8,05/01/2012 19:20,
50,6,05/01/2012 19:34,
50,6,05/01/2012 20:17,
51,1,06/01/2012 00:50,
51,8,06/01/2012 00:50,
51,9,06/01/2012 00:51,
51,6,06/01/2012 00:55,
52,1,06/01/2012 01:55,
52,8,06/01/2012 01:55,
52,6,06/01/2012 01:58,
59,1,06/01/2012 02:00,
59,8,09/01/2012 16:53,
59,6,09/01/2012 17:16,
59,6,09/01/2012 17:16,
66,1,09/01/2012 17:17,
66,8,09/01/2012 17:34,
66,6,09/01/2012 17:35,
68,1,09/01/2012 18:22,
68,8,09/01/2012 18:30,
68,6,09/01/2012 18:55,
76,1,09/01/2012 18:59,
76,6,09/01/2012 18:59,
80,1,09/01/2012 19:01,
80,8,09/01/2012 19:06,
80,6,09/01/2012 19:07,
86,1,09/01/2012 19:31,
86,8,09/01/2012 19:42,
86,9,09/01/2012 19:42,
86,6,09/01/2012 19:49,
93,1,09/01/2012 20:04,
93,8,09/01/2012 20:05,
93,6,09/01/2012 20:15,
96,1,09/01/2012 20:16,
96,8,09/01/2012 20:16,
96,6,09/01/2012 20:19,
96,6,09/01/2012 20:20,
98,1,09/01/2012 20:21,
98,8,09/01/2012 20:22,
98,6,09/01/2012 20:27,
102,1,09/01/2012 20:30,
102,8,09/01/2012 20:34,
102,6,09/01/2012 20:56,
117,1,09/01/2012 22:12,
117,8,09/01/2012 22:16,
117,6,09/01/2012 22:24,
120,1,09/01/2012 22:24,
120,8,09/01/2012 22:27,
120,9,09/01/2012 22:35,
120,6,09/01/2012 22:58,
124,1,09/01/2012 22:59,
124,8,10/01/2012 01:14,
124,6,10/01/2012 01:14,
126,1,10/01/2012 01:14,
126,1,10/01/2012 01:19,
126,6,10/01/2012 01:23,
132,1,10/01/2012 01:23,
132,8,10/01/2012 17:29,
132,9,10/01/2012 17:42,
132,6,10/01/2012 17:51,
136,1,10/01/2012 17:51,
136,8,10/01/2012 17:55,
136,6,10/01/2012 17:56,
138,1,10/01/2012 18:03,
138,8,10/01/2012 18:11,
138,6,10/01/2012 18:11,
142,1,10/01/2012 18:43,
142,8,10/01/2012 18:43,
142,6,10/01/2012 18:59,
148,1,10/01/2012 18:59,
148,8,10/01/2012 19:01,
148,6,10/01/2012 19:02,
148,6,10/01/2012 20:06,
152,1,10/01/2012 20:06,
152,8,10/01/2012 20:07,
152,6,10/01/2012 20:15,
153,1,10/01/2012 20:22,
153,8,10/01/2012 20:33,
153,6,10/01/2012 20:44,
168,1,10/01/2012 20:47,
168,8,10/01/2012 22:31,
168,6,10/01/2012 22:55,
170,1,10/01/2012 23:59,
170,8,11/01/2012 00:01,
170,9,11/01/2012 00:07,
170,8,11/01/2012 00:08,
170,9,11/01/2012 00:30,
170,6,11/01/2012 00:57,
176,1,11/01/2012 00:58,
176,8,11/01/2012 01:22,
176,6,11/01/2012 01:23,
177,1,11/01/2012 01:37,
177,8,11/01/2012 02:07,
177,6,11/01/2012 17:03,
178,1,11/01/2012 17:04,
178,8,11/01/2012 17:09,
178,6,11/01/2012 17:48,
179,1,11/01/2012 17:52,
179,8,11/01/2012 18:44,
179,6,11/01/2012 18:46,
186,1,11/01/2012 19:21,
186,8,11/01/2012 19:22,
186,9,11/01/2012 19:22,
186,6,11/01/2012 19:22,
188,1,11/01/2012 19:29,
188,8,11/01/2012 19:38,
188,6,11/01/2012 19:39,
194,1,11/01/2012 19:40,
194,8,11/01/2012 19:42,
194,6,11/01/2012 19:52,
197,1,11/01/2012 19:54,
197,8,11/01/2012 19:55,
197,6,11/01/2012 19:55,
197,6,11/01/2012 20:00,
200,1,11/01/2012 20:00,
200,8,11/01/2012 20:46,
200,6,11/01/2012 20:59,
211,1,11/01/2012 22:16,
211,6,11/01/2012 22:40,
212,1,11/01/2012 23:10,
212,8,11/01/2012 23:15,
212,6,11/01/2012 23:21,
223,1,11/01/2012 23:23,
223,8,11/01/2012 23:28,
223,6,12/01/2012 00:45,
223,6,12/01/2012 00:59,
224,1,12/01/2012 01:44,
224,8,12/01/2012 01:46,
224,9,12/01/2012 17:31,
224,6,12/01/2012 17:34,
241,1,12/01/2012 17:42,
241,8,12/01/2012 17:45,
241,6,12/01/2012 19:39,
242,1,12/01/2012 20:41,
242,8,12/01/2012 20:53,
242,6,12/01/2012 20:57,
247,3,12/01/2012 21:00,
247,8,12/01/2012 21:02,
247,6,12/01/2012 22:49,
251,1,12/01/2012 23:17,
251,8,12/01/2012 23:19,
251,6,12/01/2012 23:25,
255,1,13/01/2012 00:24,
255,8,13/01/2012 01:46,
255,6,13/01/2012 01:58,
261,1,13/01/2012 01:58,
261,8,13/01/2012 01:59,
261,6,13/01/2012 17:20,
266,1,13/01/2012 17:24,
266,6,13/01/2012 17:25,
266,6,13/01/2012 17:28,
272,1,13/01/2012 17:28,
272,8,13/01/2012 17:29,
272,9,13/01/2012 17:32,
272,6,13/01/2012 17:34,
274,1,13/01/2012 17:35,
274,8,13/01/2012 17:39,
274,6,13/01/2012 18:25,
277,1,13/01/2012 18:44,
277,8,13/01/2012 18:45,
277,6,13/01/2012 18:50,
283,1,13/01/2012 18:50,
283,8,13/01/2012 19:17,
283,6,13/01/2012 19:36,
285,1,13/01/2012 19:42,
285,8,13/01/2012 19:48,
285,6,13/01/2012 20:02,
290,1,13/01/2012 20:12,
290,9,13/01/2012 20:14,
290,6,13/01/2012 20:14,
290,6,13/01/2012 20:26,
293,1,13/01/2012 20:39,
293,8,13/01/2012 20:48,
293,6,13/01/2012 22:16,
295,1,13/01/2012 22:19,
295,8,13/01/2012 22:21,
295,6,13/01/2012 22:30,
303,6,16/01/2012 17:07,
305,1,16/01/2012 17:34,
305,8,16/01/2012 17:35,
305,9,16/01/2012 17:37,
305,6,16/01/2012 17:37,
307,1,16/01/2012 17:37,
307,8,16/01/2012 17:38,
307,6,16/01/2012 17:39,
309,1,16/01/2012 17:40,
309,8,16/01/2012 17:41,
309,6,16/01/2012 17:41,
312,1,16/01/2012 17:42,
312,8,16/01/2012 17:42,
312,6,16/01/2012 17:53,
318,1,16/01/2012 17:54,
318,8,16/01/2012 18:02,
318,6,16/01/2012 18:02,
324,8,16/01/2012 18:06,
324,6,16/01/2012 18:09,
328,1,16/01/2012 18:42,
328,8,16/01/2012 18:45,
328,6,16/01/2012 18:46,
336,1,16/01/2012 19:53,
336,8,16/01/2012 19:55,
336,6,16/01/2012 19:59,
338,1,16/01/2012 20:20,
338,8,16/01/2012 20:21,
338,6,16/01/2012 20:35,
339,1,16/01/2012 20:37,
339,8,16/01/2012 20:37,
339,9,16/01/2012 20:45,
339,6,16/01/2012 20:47,
340,1,16/01/2012 20:52,
340,8,16/01/2012 22:07,
340,9,16/01/2012 22:07,
340,6,16/01/2012 22:09,
344,1,16/01/2012 22:11,
344,8,16/01/2012 22:11,
344,6,16/01/2012 22:31,
356,1,16/01/2012 22:51,
356,8,16/01/2012 22:58,
356,6,16/01/2012 23:05,
357,1,16/01/2012 23:06,
357,8,16/01/2012 23:16,
357,6,16/01/2012 23:23,
362,1,16/01/2012 23:39,
362,8,16/01/2012 23:41,
362,9,16/01/2012 23:56,
362,6,17/01/2012 00:02,
366,1,17/01/2012 00:04,
366,8,17/01/2012 00:11,
366,6,17/01/2012 00:22,
371,1,17/01/2012 00:39,
371,8,17/01/2012 00:54,
371,6,17/01/2012 00:54,
372,1,17/01/2012 01:03,
372,8,17/01/2012 01:16,
372,6,17/01/2012 01:17,
381,1,17/01/2012 01:37,
381,8,17/01/2012 01:37,
381,6,17/01/2012 01:49,
392,1,17/01/2012 01:54,
392,6,17/01/2012 17:42,
392,6,17/01/2012 18:06,
394,1,17/01/2012 18:46,
394,8,17/01/2012 19:24,
394,6,17/01/2012 20:12,
397,1,17/01/2012 20:13,
397,8,17/01/2012 20:39,
397,6,17/01/2012 20:39,
398,1,17/01/2012 20:47,
398,8,17/01/2012 20:49,
398,9,17/01/2012 20:55,
398,6,17/01/2012 20:59,
403,1,17/01/2012 21:01,
403,8,17/01/2012 22:43,
403,6,17/01/2012 23:12,
405,1,17/01/2012 23:20,
405,8,17/01/2012 23:26,
405,6,17/01/2012 23:26,
405,8,17/01/2012 23:27,
405,6,17/01/2012 23:28,
415,1,17/01/2012 23:31,
415,8,17/01/2012 23:40,
415,6,17/01/2012 23:49,
415,6,18/01/2012 00:46,
417,1,18/01/2012 01:04,
417,8,18/01/2012 17:04,
417,9,18/01/2012 17:08,
417,6,18/01/2012 17:12,
418,1,18/01/2012 17:15,
418,8,18/01/2012 17:17,
418,6,18/01/2012 17:21,
424,1,18/01/2012 18:01,
424,8,18/01/2012 18:31,
424,6,18/01/2012 18:39,
424,6,18/01/2012 18:42,
425,1,18/01/2012 18:45,
425,8,18/01/2012 18:46,
425,9,18/01/2012 19:11,
425,6,18/01/2012 19:12,
431,1,18/01/2012 19:12,
431,8,18/01/2012 19:23,
431,6,18/01/2012 19:24,
434,1,18/01/2012 19:25,
434,8,18/01/2012 19:28,
434,6,18/01/2012 19:29,
436,1,18/01/2012 20:23,
436,8,18/01/2012 20:26,
436,6,18/01/2012 20:27,
436,6,18/01/2012 20:32,
439,1,18/01/2012 20:43,
439,8,18/01/2012 20:43,
439,6,18/01/2012 21:10,
444,1,18/01/2012 22:32,
444,8,18/01/2012 22:40,
444,6,18/01/2012 22:46,
448,1,18/01/2012 22:46,
448,8,18/01/2012 22:49,
448,9,18/01/2012 22:49,
448,6,18/01/2012 22:50,
453,1,18/01/2012 23:12,
453,8,18/01/2012 23:14,
453,6,18/01/2012 23:20,
453,6,18/01/2012 23:35,
458,1,18/01/2012 23:35,
458,8,18/01/2012 23:52,
458,6,18/01/2012 23:56,
461,1,19/01/2012 00:01,
461,8,19/01/2012 00:03,
461,9,19/01/2012 00:04,
461,6,19/01/2012 00:13,
462,1,19/01/2012 00:15,
462,8,19/01/2012 00:15,
462,4,19/01/2012 00:29,
462,6,19/01/2012 00:35,
466,1,19/01/2012 00:35,
466,8,19/01/2012 01:03,
466,6,19/01/2012 01:04,
472,1,19/01/2012 01:14,
472,8,19/01/2012 01:21,
472,6,19/01/2012 01:24,
477,1,19/01/2012 17:02,
477,8,19/01/2012 17:06,
477,6,19/01/2012 17:11,
478,1,19/01/2012 18:23,
478,1,19/01/2012 18:59,
478,8,19/01/2012 19:05,
478,9,19/01/2012 19:39,
478,6,19/01/2012 20:18,
479,1,19/01/2012 20:18,
479,6,19/01/2012 20:19,
482,1,19/01/2012 20:30,
482,6,19/01/2012 22:21,
482,6,19/01/2012 22:34,
483,1,20/01/2012 00:15,
483,8,20/01/2012 01:15,
483,6,20/01/2012 01:16,
491,1,20/01/2012 01:49,
491,8,20/01/2012 01:50,
491,9,20/01/2012 02:02,
491,6,20/01/2012 02:02,
492,1,20/01/2012 02:04,
492,8,20/01/2012 17:17,
492,6,20/01/2012 17:18,
495,1,20/01/2012 17:22,
495,8,20/01/2012 18:10,
495,6,20/01/2012 18:24,
497,1,20/01/2012 18:25,
497,8,20/01/2012 18:47,
497,6,20/01/2012 20:08,
498,1,20/01/2012 20:18,
498,8,20/01/2012 20:18,
498,6,20/01/2012 20:34,
498,6,20/01/2012 20:34,
501,1,20/01/2012 20:37,
501,1,20/01/2012 20:58,
501,8,20/01/2012 22:59,
501,6,20/01/2012 23:06,
502,1,20/01/2012 23:06,
502,8,20/01/2012 23:07,
502,6,20/01/2012 23:08,
503,1,20/01/2012 23:25,
503,8,20/01/2012 23:26,
503,2,20/01/2012 23:47,
505,6,23/01/2012 17:06,
508,1,23/01/2012 17:18,
508,8,23/01/2012 17:34,
508,9,23/01/2012 17:40,
508,6,23/01/2012 18:23,
510,1,23/01/2012 18:23,
510,8,23/01/2012 19:22,
510,9,23/01/2012 19:22,
510,6,23/01/2012 19:24,
511,1,23/01/2012 19:34,
511,8,23/01/2012 19:59,
511,6,23/01/2012 20:15,
520,1,23/01/2012 20:31,
520,8,23/01/2012 20:43,
520,6,23/01/2012 20:43,
520,6,23/01/2012 20:46,
521,1,23/01/2012 20:59,
521,8,23/01/2012 22:10,
521,6,23/01/2012 22:29,
526,1,23/01/2012 22:32,
526,8,23/01/2012 22:42,
526,9,23/01/2012 22:43,
526,6,23/01/2012 22:54,
528,1,24/01/2012 00:00,
528,8,24/01/2012 00:13,
528,6,24/01/2012 00:26,
533,1,24/01/2012 00:27,
533,8,24/01/2012 00:29,
533,6,24/01/2012 01:00,
537,1,24/01/2012 01:08,
537,8,24/01/2012 01:42,
537,9,24/01/2012 01:42,
537,6,24/01/2012 01:48,
538,1,24/01/2012 01:49,
538,8,24/01/2012 17:16,
538,6,24/01/2012 17:17,
541,1,24/01/2012 18:27,
541,8,24/01/2012 19:31,
541,6,24/01/2012 20:25,
544,1,24/01/2012 20:25,
544,8,24/01/2012 22:07,
544,6,24/01/2012 22:27,
545,1,24/01/2012 22:40,
545,8,24/01/2012 22:51,
545,6,24/01/2012 22:51,
549,1,24/01/2012 23:19,
549,8,25/01/2012 00:06,
549,6,25/01/2012 00:59,
551,1,25/01/2012 01:01,
551,8,25/01/2012 01:45,
551,9,25/01/2012 16:58,
551,6,25/01/2012 17:03,
552,1,25/01/2012 17:22,
552,8,25/01/2012 17:23,
552,6,25/01/2012 17:31,
556,1,25/01/2012 17:39,
556,6,25/01/2012 17:39,
561,1,25/01/2012 18:28,
561,8,25/01/2012 19:23,
561,6,25/01/2012 19:52,
565,1,25/01/2012 19:56,
565,8,25/01/2012 19:56,
565,9,25/01/2012 19:58,
565,6,25/01/2012 20:18,
570,1,25/01/2012 20:46,
570,8,25/01/2012 22:57,
570,6,25/01/2012 23:18,
573,1,25/01/2012 23:18,
573,8,25/01/2012 23:19,
573,9,25/01/2012 23:44,
573,6,26/01/2012 00:31,
581,1,26/01/2012 00:31,
581,8,26/01/2012 00:44,
581,9,26/01/2012 01:05,
581,6,26/01/2012 01:22,
583,1,26/01/2012 01:43,
583,8,26/01/2012 17:48,
583,6,26/01/2012 17:48,
586,1,26/01/2012 18:41,
586,8,26/01/2012 19:23,
586,6,26/01/2012 19:25,
589,1,26/01/2012 19:51,
589,8,26/01/2012 19:51,
589,6,26/01/2012 19:58,
592,8,26/01/2012 20:12,
592,6,26/01/2012 20:20,
596,1,26/01/2012 20:56,
596,8,26/01/2012 20:58,
596,6,26/01/2012 22:07,
600,1,26/01/2012 22:16,
600,8,26/01/2012 22:20,
600,6,26/01/2012 22:21,
602,1,26/01/2012 23:29,
602,8,26/01/2012 23:29,
602,9,26/01/2012 23:37,
602,6,27/01/2012 01:07,
613,1,27/01/2012 01:15,
613,8,27/01/2012 01:27,
613,6,27/01/2012 01:30,
614,1,27/01/2012 01:35,
614,8,27/01/2012 01:36,
614,6,27/01/2012 01:45,
621,1,27/01/2012 01:53,
621,8,27/01/2012 02:13,
621,6,27/01/2012 17:03,
622,1,27/01/2012 17:27,
622,8,27/01/2012 17:35,
622,2,27/01/2012 18:20,
622,6,27/01/2012 18:24,
627,1,27/01/2012 19:14,
627,8,27/01/2012 19:16,
627,6,27/01/2012 19:22,
633,1,27/01/2012 19:22,
633,8,27/01/2012 19:26,
633,6,27/01/2012 21:16,
634,1,27/01/2012 22:15,
634,8,27/01/2012 22:45,
634,6,27/01/2012 23:06,
641,8,27/01/2012 23:20,
650,1,30/01/2012 17:04,
650,8,30/01/2012 17:05,
650,6,30/01/2012 17:29,
652,1,30/01/2012 18:02,
652,8,30/01/2012 18:09,
652,6,30/01/2012 18:09,
653,1,30/01/2012 18:22,
653,1,30/01/2012 18:28,
653,6,30/01/2012 18:31,
654,1,30/01/2012 20:18,
654,8,30/01/2012 20:18,
654,6,30/01/2012 21:03,
657,1,30/01/2012 21:03,
657,8,30/01/2012 22:19,
657,6,30/01/2012 22:23,
660,1,30/01/2012 22:58,
660,8,30/01/2012 23:16,
660,9,31/01/2012 00:40,
660,8,31/01/2012 01:03,
660,6,31/01/2012 17:12,
669,1,31/01/2012 17:32,
669,8,31/01/2012 17:44,
669,6,31/01/2012 17:52,
670,1,31/01/2012 18:02,
670,8,31/01/2012 18:03,
670,6,31/01/2012 18:34,
674,1,31/01/2012 20:29,
674,8,31/01/2012 22:39,
674,9,31/01/2012 23:16,
674,8,01/02/2012 00:04,
674,6,01/02/2012 00:04,
680,1,01/02/2012 00:58,
680,8,01/02/2012 01:59,
680,6,01/02/2012 02:01,
681,1,01/02/2012 02:03,
681,8,01/02/2012 02:04,
681,6,01/02/2012 17:30,
682,1,01/02/2012 20:15,
682,8,01/02/2012 20:28,
682,6,01/02/2012 20:36,
683,1,01/02/2012 20:39,
683,8,01/02/2012 20:57,
683,6,01/02/2012 20:57,
684,1,01/02/2012 22:17,
684,8,01/02/2012 22:22,
684,6,01/02/2012 23:51,
686,1,02/02/2012 00:22,
686,8,02/02/2012 01:19,
686,6,02/02/2012 01:19,
693,1,02/02/2012 18:45,
693,8,02/02/2012 20:01,
693,6,02/02/2012 22:43,
695,1,02/02/2012 23:28,
695,8,02/02/2012 23:28,
695,9,03/02/2012 00:06,
695,8,03/02/2012 00:06,
695,6,03/02/2012 00:33,
698,1,03/02/2012 00:35,
698,8,03/02/2012 00:57,
698,6,03/02/2012 17:24,
698,6,03/02/2012 17:29,
700,1,03/02/2012 17:38,
700,6,03/02/2012 17:38,
700,6,03/02/2012 18:48,
704,1,03/02/2012 18:48,
704,8,03/02/2012 19:48,
704,6,03/02/2012 19:50,
705,1,03/02/2012 19:54,
705,6,03/02/2012 20:21,
706,1,03/02/2012 20:25,
706,8,03/02/2012 20:50,
706,6,03/02/2012 20:51,
716,1,03/02/2012 22:29,
716,6,06/02/2012 17:29,
717,1,06/02/2012 17:29,
717,8,06/02/2012 17:36,
717,6,06/02/2012 17:45,
721,1,06/02/2012 17:49,
721,8,06/02/2012 17:57,
721,6,06/02/2012 17:57,
722,1,06/02/2012 18:17,
722,8,06/02/2012 18:20,
722,6,06/02/2012 18:53,
731,1,06/02/2012 19:05,
731,8,06/02/2012 19:56,
731,8,06/02/2012 22:24,
731,6,06/02/2012 22:59,
733,1,06/02/2012 23:00,
733,8,06/02/2012 23:53,
733,6,07/02/2012 00:06,
736,1,07/02/2012 00:16,
736,8,07/02/2012 00:21,
736,6,07/02/2012 00:30,
738,1,07/02/2012 01:00,
738,1,07/02/2012 01:01,
738,8,07/02/2012 01:42,
738,6,07/02/2012 17:15,
741,1,07/02/2012 18:31,
741,8,07/02/2012 19:01,
741,6,07/02/2012 19:27,
743,1,07/02/2012 19:39,
743,8,07/02/2012 19:39,
743,6,07/02/2012 20:04,
743,6,07/02/2012 20:13,
745,1,07/02/2012 20:20,
745,8,07/02/2012 20:20,
745,6,07/02/2012 20:54,
746,1,07/02/2012 22:29,
746,8,07/02/2012 22:31,
746,6,08/02/2012 00:06,
749,1,08/02/2012 00:22,
749,8,08/02/2012 00:28,
749,9,08/02/2012 01:27,
749,6,08/02/2012 01:27,
749,6,08/02/2012 17:10,
752,1,08/02/2012 17:45,
752,8,08/02/2012 17:46,
752,6,08/02/2012 17:50,
755,1,08/02/2012 17:58,
755,8,08/02/2012 18:00,
755,6,08/02/2012 18:04,
756,1,08/02/2012 18:04,
756,8,08/02/2012 18:47,
756,6,08/02/2012 18:55,
760,1,08/02/2012 19:57,
760,8,08/02/2012 19:58,
760,6,08/02/2012 20:25,
766,1,08/02/2012 20:25,
766,8,08/02/2012 20:28,
766,6,08/02/2012 22:07,
767,1,08/02/2012 22:15,
767,8,08/02/2012 22:34,
767,6,08/02/2012 22:34,
768,1,08/02/2012 22:35,
768,8,08/02/2012 22:52,
768,8,08/02/2012 23:10,
768,9,08/02/2012 23:22,
768,6,08/02/2012 23:25,
769,1,08/02/2012 23:50,
769,8,08/02/2012 23:55,
769,6,09/02/2012 00:06,
770,1,09/02/2012 00:20,
770,8,09/02/2012 00:27,
770,9,09/02/2012 00:35,
770,6,09/02/2012 00:37,
772,1,09/02/2012 01:01,
772,8,09/02/2012 01:18,
772,6,09/02/2012 01:24,
773,1,09/02/2012 02:00,
773,8,09/02/2012 02:02,
773,6,09/02/2012 17:12,
776,1,09/02/2012 17:14,
776,8,09/02/2012 17:15,
776,6,09/02/2012 17:21,
777,1,09/02/2012 17:39,
777,1,09/02/2012 17:39,
777,6,09/02/2012 18:10,
783,1,09/02/2012 19:04,
783,8,09/02/2012 19:12,
783,6,09/02/2012 20:44,
785,1,09/02/2012 20:44,
785,8,09/02/2012 21:02,
785,6,09/02/2012 22:16,
787,1,09/02/2012 22:16,
787,8,09/02/2012 22:28,
787,6,09/02/2012 23:14,
788,1,09/02/2012 23:15,
788,8,10/02/2012 00:34,
788,9,10/02/2012 00:35,
788,6,10/02/2012 01:05,
790,1,10/02/2012 01:07,
790,8,10/02/2012 01:19,
790,9,10/02/2012 01:30,
790,6,10/02/2012 01:30,
794,1,10/02/2012 01:39,
794,8,10/02/2012 01:39,
794,6,10/02/2012 01:46,
795,1,10/02/2012 01:46,
795,8,10/02/2012 01:54,
795,6,10/02/2012 01:55,
795,6,10/02/2012 02:05,
796,1,10/02/2012 17:17,
796,8,10/02/2012 17:59,
796,9,10/02/2012 17:59,
796,6,10/02/2012 18:51,
799,1,10/02/2012 18:55,
799,8,10/02/2012 19:01,
799,9,10/02/2012 19:20,
799,6,10/02/2012 19:21,
806,1,10/02/2012 19:28,
806,8,10/02/2012 19:54,
806,9,10/02/2012 21:06,
806,6,10/02/2012 23:01,
813,1,10/02/2012 23:18,
813,8,10/02/2012 23:19,
813,6,10/02/2012 23:32,
817,1,10/02/2012 23:33,
817,8,10/02/2012 23:44,
817,9,10/02/2012 23:47,
817,8,10/02/2012 23:47,
817,9,10/02/2012 23:52,
834,1,13/02/2012 17:07,
834,8,13/02/2012 17:08,
834,6,13/02/2012 17:38,
836,1,13/02/2012 17:39,
836,8,13/02/2012 17:59,
836,2,13/02/2012 18:00,
836,5,13/02/2012 18:15,
836,5,13/02/2012 18:19,
836,6,13/02/2012 18:45,
840,1,13/02/2012 18:45,
840,8,13/02/2012 18:57,
840,6,13/02/2012 19:11,
844,1,13/02/2012 19:23,
844,8,13/02/2012 20:31,
844,6,13/02/2012 20:32,
853,1,13/02/2012 20:42,
853,8,13/02/2012 23:10,
853,6,14/02/2012 00:04,
857,1,14/02/2012 00:04,
857,8,14/02/2012 00:04,
857,9,14/02/2012 00:11,
857,6,14/02/2012 00:14,
859,1,14/02/2012 00:29,
859,8,14/02/2012 00:30,
859,6,14/02/2012 17:59,
866,1,14/02/2012 19:07,
866,8,14/02/2012 19:21,
866,6,14/02/2012 19:22,
872,1,14/02/2012 19:25,
872,8,14/02/2012 19:29,
872,6,14/02/2012 19:34,
876,1,14/02/2012 20:05,
876,8,14/02/2012 20:20,
876,9,14/02/2012 20:32,
876,6,14/02/2012 20:48,
877,1,14/02/2012 20:48,
877,8,14/02/2012 20:51,
877,9,14/02/2012 20:55,
877,6,14/02/2012 21:00,
880,1,14/02/2012 21:01,
880,8,14/02/2012 21:01,
880,6,14/02/2012 22:24,
882,1,14/02/2012 23:41,
882,8,15/02/2012 00:08,
882,6,15/02/2012 01:28,
883,1,15/02/2012 01:37,
883,8,15/02/2012 01:38,
883,9,15/02/2012 01:45,
883,8,15/02/2012 01:45,
883,9,15/02/2012 18:15,
883,6,15/02/2012 18:18,
883,6,15/02/2012 18:20,
886,1,15/02/2012 18:20,
886,8,15/02/2012 18:30,
886,6,15/02/2012 18:34,
888,1,15/02/2012 18:35,
888,8,15/02/2012 19:07,
888,6,15/02/2012 20:07,
892,1,15/02/2012 20:19,
892,8,15/02/2012 20:25,
892,6,15/02/2012 20:29,
897,1,15/02/2012 20:48,
897,8,15/02/2012 22:06,
897,6,15/02/2012 22:06,
898,1,15/02/2012 23:06,
898,8,15/02/2012 23:22,
898,9,15/02/2012 23:25,
898,6,16/02/2012 01:18,
901,1,16/02/2012 01:40,
901,6,16/02/2012 01:40,
901,6,16/02/2012 01:43,
909,1,16/02/2012 01:43,
909,8,16/02/2012 01:48,
909,6,16/02/2012 18:27,
910,1,16/02/2012 18:27,
910,8,16/02/2012 19:41,
910,6,16/02/2012 19:41,
914,1,16/02/2012 19:45,
914,8,16/02/2012 19:45,
914,6,16/02/2012 19:46,
931,1,16/02/2012 20:19,
931,8,16/02/2012 20:40,
931,6,17/02/2012 01:04,
934,1,17/02/2012 01:13,
934,8,17/02/2012 01:21,
934,6,17/02/2012 01:49,
934,6,17/02/2012 17:02,
937,1,17/02/2012 17:25,
937,8,17/02/2012 17:37,
937,4,17/02/2012 17:38,
937,6,17/02/2012 17:40,
938,1,17/02/2012 17:40,
938,8,17/02/2012 17:50,
938,9,17/02/2012 18:01,
938,6,17/02/2012 18:07,
950,1,17/02/2012 18:23,
950,8,17/02/2012 18:36,
950,6,17/02/2012 18:40,
954,1,17/02/2012 22:09,
954,8,17/02/2012 23:33,
954,6,17/02/2012 23:43,
958,1,17/02/2012 23:45,
958,8,17/02/2012 23:57,
958,8,20/02/2012 17:07,
958,6,20/02/2012 17:07,
962,1,20/02/2012 17:47,
962,8,20/02/2012 18:28,
962,6,20/02/2012 18:29,
967,1,20/02/2012 18:32,
967,8,20/02/2012 19:03,
967,6,20/02/2012 19:26,
968,1,20/02/2012 19:32,
968,8,20/02/2012 19:40,
968,6,20/02/2012 20:45,
970,1,20/02/2012 22:44,
970,8,21/02/2012 01:53,
970,6,21/02/2012 01:53,
972,1,21/02/2012 02:03,
972,8,21/02/2012 17:33,
972,6,21/02/2012 19:40,
975,1,21/02/2012 20:15,
975,8,21/02/2012 20:15,
975,6,21/02/2012 23:56,
975,6,22/02/2012 00:27,
976,1,22/02/2012 00:27,
976,8,22/02/2012 00:27,
976,6,22/02/2012 00:30,
981,1,22/02/2012 00:31,
981,8,22/02/2012 01:04,
981,6,22/02/2012 01:10,
981,6,22/02/2012 01:35,
990,1,22/02/2012 02:00,
990,8,22/02/2012 02:07,
990,6,22/02/2012 17:38,
1009,1,22/02/2012 17:53,
1009,8,22/02/2012 17:57,
1009,9,22/02/2012 18:16,
1009,6,22/02/2012 18:29,
1015,1,22/02/2012 18:29,
1015,8,22/02/2012 18:46,
1015,6,22/02/2012 19:17,
1017,1,22/02/2012 20:12,
1017,8,22/02/2012 20:13,
1017,9,22/02/2012 20:30,
1017,6,22/02/2012 22:01,
1017,6,22/02/2012 22:04,
1020,1,22/02/2012 22:52,
1020,8,22/02/2012 22:53,
1020,9,22/02/2012 23:16,
1020,6,22/02/2012 23:21,
1022,1,22/02/2012 23:33,
1022,1,22/02/2012 23:33,
1022,8,22/02/2012 23:49,
1022,6,22/02/2012 23:49,
1029,1,23/02/2012 01:14,
1029,8,23/02/2012 01:23,
1029,6,23/02/2012 02:14,
1032,1,23/02/2012 18:45,
1032,8,23/02/2012 18:47,
1032,9,23/02/2012 19:06,
1032,6,23/02/2012 19:31,
1036,1,23/02/2012 19:43,
1036,8,23/02/2012 19:43,
1036,9,23/02/2012 19:46,
1036,8,23/02/2012 20:10,
1036,6,23/02/2012 20:36,
1038,1,23/02/2012 20:37,
1038,8,23/02/2012 22:21,
1038,6,23/02/2012 22:41,
1039,1,23/02/2012 22:43,
1039,8,23/02/2012 22:43,
1039,6,23/02/2012 23:58,
1040,1,24/02/2012 00:08,
1040,8,24/02/2012 00:47,
1040,6,24/02/2012 17:03,
1041,1,24/02/2012 17:03,
1041,8,24/02/2012 17:59,
1041,6,24/02/2012 17:59,
1042,1,24/02/2012 18:12,
1042,8,24/02/2012 18:15,
1042,6,24/02/2012 18:44,
1046,1,24/02/2012 19:31,
1046,8,24/02/2012 21:01,
1046,6,24/02/2012 21:05,
1049,1,24/02/2012 21:05,
1049,8,24/02/2012 22:54,
1049,6,24/02/2012 22:58,
1049,6,24/02/2012 23:02,
1055,1,24/02/2012 23:03,
1055,8,24/02/2012 23:42,
1055,6,24/02/2012 23:57,
1058,8,27/02/2012 17:10,
1058,9,27/02/2012 17:11,
1058,6,27/02/2012 17:20,
1059,1,27/02/2012 17:20,
1059,8,27/02/2012 18:09,
1059,6,27/02/2012 18:17,
1062,8,27/02/2012 18:17,
1062,9,27/02/2012 18:19,
1062,6,27/02/2012 18:28,
1063,1,27/02/2012 19:58,
1063,8,27/02/2012 20:50,
1063,6,27/02/2012 22:17,
1064,1,27/02/2012 22:20,
1064,8,27/02/2012 22:35,
1064,6,27/02/2012 22:35,
1066,1,27/02/2012 22:38,
1066,8,27/02/2012 22:38,
1066,6,27/02/2012 22:41,
1067,1,27/02/2012 23:02,
1067,8,28/02/2012 00:57,
1067,6,28/02/2012 01:27,
1068,1,28/02/2012 01:31,
1068,8,28/02/2012 17:52,
1068,6,28/02/2012 18:53,
1072,1,28/02/2012 19:24,
1072,1,28/02/2012 19:47,
1072,8,28/02/2012 19:47,
1072,6,28/02/2012 20:00,
1075,1,28/02/2012 20:28,
1075,8,28/02/2012 20:33,
1075,6,28/02/2012 21:13,
1076,1,28/02/2012 21:20,
1076,8,28/02/2012 22:58,
1076,9,29/02/2012 00:35,
1076,6,29/02/2012 00:38,
1083,1,29/02/2012 00:51,
1083,1,29/02/2012 01:02,
1083,8,29/02/2012 01:02,
1083,6,29/02/2012 01:03,
1084,1,29/02/2012 01:14,
1084,8,29/02/2012 01:40,
1084,6,29/02/2012 01:46,
1086,1,29/02/2012 01:55,
1086,8,29/02/2012 01:56,
1086,6,29/02/2012 02:09,
1090,1,29/02/2012 02:09,
1090,8,29/02/2012 02:12,
1090,6,29/02/2012 02:16,
1090,6,29/02/2012 02:20,
1092,1,29/02/2012 02:21,
1092,6,29/02/2012 02:22,
1094,1,29/02/2012 17:23,
1094,8,29/02/2012 17:25,
1094,6,29/02/2012 17:25,
1101,1,29/02/2012 17:30,
1101,8,29/02/2012 17:48,
1101,6,29/02/2012 18:09,
1102,1,29/02/2012 18:20,
1102,8,29/02/2012 18:36,
1102,6,29/02/2012 18:58,
1102,6,29/02/2012 18:59,
1103,1,29/02/2012 19:00,
1103,8,29/02/2012 19:00,
1103,6,29/02/2012 19:17,
1106,1,29/02/2012 19:21,
1106,8,29/02/2012 19:41,
1106,6,29/02/2012 19:44,
1112,1,29/02/2012 19:44,
1112,8,29/02/2012 20:15,
1112,9,29/02/2012 20:19,
1112,9,29/02/2012 20:35,
1112,6,29/02/2012 22:57,
1115,1,29/02/2012 22:58,
1115,8,01/03/2012 00:31,
1115,6,01/03/2012 00:31,
1116,1,01/03/2012 00:33,
1116,8,01/03/2012 00:50,
1116,6,01/03/2012 17:12,
1120,1,01/03/2012 17:13,
1120,8,01/03/2012 18:20,
1120,6,01/03/2012 19:51,
1122,1,01/03/2012 20:11,
1122,8,01/03/2012 20:33,
1122,6,01/03/2012 21:06,
1125,1,01/03/2012 21:06,
1125,8,01/03/2012 22:23,
1125,6,02/03/2012 01:21,
1126,1,02/03/2012 01:45,
1126,6,02/03/2012 01:56,
1126,6,02/03/2012 16:57,
1127,1,02/03/2012 17:06,
1127,8,02/03/2012 17:51,
1127,6,02/03/2012 18:06,
1128,1,02/03/2012 18:13,
1128,8,02/03/2012 18:13,
1128,6,02/03/2012 18:27,
1132,1,02/03/2012 18:27,
1132,8,02/03/2012 18:34,
1132,6,02/03/2012 19:21,
1133,1,02/03/2012 19:21,
1133,8,02/03/2012 19:36,
1133,6,02/03/2012 19:40,
1134,1,02/03/2012 19:51,
1134,8,02/03/2012 19:56,
1134,6,02/03/2012 20:14,
1135,1,02/03/2012 22:35,
1135,8,02/03/2012 22:39,
1135,4,02/03/2012 22:49,
1135,6,02/03/2012 22:52,
1136,1,02/03/2012 23:21,
1136,6,02/03/2012 23:22,
1137,1,02/03/2012 23:48,
1137,8,02/03/2012 23:50,
1137,6,05/03/2012 17:10,
1138,1,05/03/2012 17:16,
1138,8,05/03/2012 17:19,
1138,6,05/03/2012 17:32,
1143,1,05/03/2012 18:18,
1143,8,05/03/2012 18:24,
1143,6,05/03/2012 18:43,
1153,1,05/03/2012 18:45,
1153,8,05/03/2012 19:08,
1153,9,05/03/2012 19:14,
1153,6,05/03/2012 20:28,
1154,1,05/03/2012 20:31,
1154,9,05/03/2012 20:55,
1154,8,05/03/2012 20:59,
1154,6,05/03/2012 22:29,
1154,6,05/03/2012 22:31,
1161,1,05/03/2012 22:42,
1161,8,05/03/2012 22:50,
1161,6,05/03/2012 23:00,
1169,1,05/03/2012 23:07,
1169,6,05/03/2012 23:42,
1172,1,05/03/2012 23:58,
1172,8,06/03/2012 00:30,
1172,9,06/03/2012 00:33,
1172,6,06/03/2012 01:52,
1175,1,06/03/2012 01:52,
1175,8,06/03/2012 17:17,
1175,6,06/03/2012 17:21,
1175,8,06/03/2012 17:24,
1175,6,06/03/2012 17:40,
1181,1,06/03/2012 17:43,
1181,8,06/03/2012 17:43,
1181,6,06/03/2012 17:45,
1185,1,06/03/2012 18:26,
1185,8,06/03/2012 18:41,
1185,6,06/03/2012 18:42,
1187,1,06/03/2012 18:51,
1187,8,06/03/2012 18:53,
1187,6,06/03/2012 19:26,
1188,1,06/03/2012 19:38,
1188,8,06/03/2012 19:38,
1188,6,06/03/2012 20:18,
1190,1,06/03/2012 20:21,
1190,8,06/03/2012 20:27,
1190,6,06/03/2012 20:37,
1190,6,06/03/2012 20:46,
1192,8,06/03/2012 20:51,
1192,6,06/03/2012 20:51,
1195,1,06/03/2012 22:39,
1195,8,06/03/2012 22:39,
1195,6,06/03/2012 23:07,
1199,1,07/03/2012 00:41,
1199,8,07/03/2012 01:31,
1199,6,07/03/2012 01:38,
1201,1,07/03/2012 01:51,
1201,8,07/03/2012 01:52,
1201,6,07/03/2012 01:53,
1208,1,07/03/2012 01:54,
1208,8,07/03/2012 01:54,
1208,6,07/03/2012 01:54,
1215,1,07/03/2012 01:55,
1215,8,07/03/2012 02:04,
1215,6,07/03/2012 17:31,
1216,1,07/03/2012 17:32,
1216,8,07/03/2012 18:08,
1216,6,07/03/2012 18:14,
1217,1,07/03/2012 18:15,
1217,8,07/03/2012 19:56,
1217,6,07/03/2012 19:58,
1219,1,07/03/2012 20:00,
1219,8,07/03/2012 20:07,
1219,6,07/03/2012 20:24,
1229,1,07/03/2012 20:28,
1229,8,07/03/2012 22:41,
1229,6,08/03/2012 01:24,
1230,1,08/03/2012 01:47,
1230,8,08/03/2012 01:56,
1230,6,08/03/2012 01:56,
1233,1,08/03/2012 18:52,
1233,8,08/03/2012 19:51,
1233,6,08/03/2012 19:52,
1236,1,08/03/2012 20:09,
1236,8,08/03/2012 22:22,
1236,9,08/03/2012 22:25,
1236,6,08/03/2012 22:40,
1244,1,08/03/2012 22:40,
1244,8,08/03/2012 22:53,
1244,6,08/03/2012 22:54,
1251,1,08/03/2012 22:55,
1251,8,08/03/2012 23:18,
1251,9,08/03/2012 23:35,
1251,6,08/03/2012 23:35,
1256,1,08/03/2012 23:52,
1256,8,08/03/2012 23:59,
1256,9,09/03/2012 17:33,
1256,6,09/03/2012 19:39,
1262,1,09/03/2012 20:29,
1262,8,09/03/2012 20:40,
1262,6,09/03/2012 20:53,
1267,1,09/03/2012 20:56,
1267,8,09/03/2012 23:46,
1267,6,09/03/2012 23:48,
1271,1,09/03/2012 23:49,
1281,1,12/03/2012 17:18,
1281,8,12/03/2012 17:18,
1281,6,12/03/2012 17:50,
1281,6,12/03/2012 17:50,
1287,1,12/03/2012 18:57,
1287,8,12/03/2012 18:59,
1287,6,12/03/2012 19:09,
1293,1,12/03/2012 19:32,
1293,8,12/03/2012 19:34,
1293,6,12/03/2012 19:47,
1295,1,12/03/2012 19:57,
1295,8,12/03/2012 19:58,
1295,6,12/03/2012 20:01,
1311,1,12/03/2012 20:02,
1311,8,12/03/2012 20:23,
1311,6,12/03/2012 22:28,
1313,1,12/03/2012 22:31,
1313,8,12/03/2012 22:49,
1313,6,12/03/2012 23:53,
1316,1,12/03/2012 23:57,
1316,8,13/03/2012 00:06,
1316,6,13/03/2012 16:59,
1317,1,13/03/2012 16:59,
1317,6,13/03/2012 17:10,
1320,1,13/03/2012 18:47,
1320,8,13/03/2012 18:48,
1320,6,13/03/2012 18:50,
1321,1,13/03/2012 18:50,
1321,8,13/03/2012 19:51,
1321,9,13/03/2012 20:08,
1321,6,13/03/2012 20:08,
1325,1,13/03/2012 20:12,
1325,6,13/03/2012 20:24,
1327,1,13/03/2012 23:16,
1327,9,13/03/2012 23:17,
1327,6,13/03/2012 23:52,
1329,1,13/03/2012 23:54,
1329,8,13/03/2012 23:58,
1329,6,14/03/2012 01:26,
1330,1,14/03/2012 01:44,
1330,6,14/03/2012 02:53,
1330,6,14/03/2012 17:38,
1332,1,14/03/2012 17:38,
1332,8,14/03/2012 18:45,
1332,6,14/03/2012 19:36,
1334,1,14/03/2012 19:48,
1334,1,14/03/2012 19:49,
1334,8,14/03/2012 19:50,
1334,9,14/03/2012 19:55,
1334,6,14/03/2012 20:17,
1336,1,14/03/2012 20:32,
1336,8,14/03/2012 20:32,
1336,6,14/03/2012 22:26,
1336,6,14/03/2012 22:26,
1338,1,14/03/2012 22:27,
1338,6,14/03/2012 22:40,
1343,1,14/03/2012 23:35,
1343,8,15/03/2012 00:47,
1343,9,15/03/2012 01:36,
1343,6,15/03/2012 17:10,
1344,1,15/03/2012 17:12,
1344,8,15/03/2012 22:22,
1344,6,15/03/2012 22:23,
1350,1,15/03/2012 22:24,
1350,8,15/03/2012 22:28,
1350,9,15/03/2012 22:30,
1350,6,15/03/2012 22:33,
1354,1,15/03/2012 23:16,
1354,8,15/03/2012 23:16,
1354,9,16/03/2012 00:38,
1354,6,16/03/2012 00:38,
1355,1,16/03/2012 00:39,
1355,8,16/03/2012 00:58,
1355,6,16/03/2012 01:00,
1356,1,16/03/2012 01:03,
1356,8,16/03/2012 17:13,
1356,6,16/03/2012 17:13,
1363,1,16/03/2012 20:21,
1363,8,16/03/2012 20:30,
1363,6,16/03/2012 22:08,
1365,3,16/03/2012 22:08,
1365,8,16/03/2012 22:13,
1365,6,16/03/2012 22:43,
1368,1,16/03/2012 22:58,
1368,6,16/03/2012 23:51,
1401,9,19/03/2012 17:26,
1401,6,19/03/2012 17:26,
1405,1,19/03/2012 17:29,
1405,8,19/03/2012 17:34,
1405,6,19/03/2012 17:47,
1412,1,19/03/2012 19:11,
1412,8,19/03/2012 19:13,
1412,6,19/03/2012 19:13,
1415,1,19/03/2012 19:18,
1415,8,19/03/2012 19:50,
1415,6,19/03/2012 20:09,
1416,1,19/03/2012 20:18,
1416,8,19/03/2012 22:26,
1416,6,19/03/2012 23:09,
1417,1,19/03/2012 23:15,
1417,8,19/03/2012 23:15,
1417,6,19/03/2012 23:51,
1418,1,19/03/2012 23:57,
1418,8,20/03/2012 00:20,
1418,6,20/03/2012 00:21,
1423,1,20/03/2012 00:35,
1423,8,20/03/2012 00:38,
1423,9,20/03/2012 00:53,
1423,6,20/03/2012 00:53,
1427,1,20/03/2012 01:55,
1427,8,20/03/2012 16:57,
1427,6,20/03/2012 16:58,
1437,1,20/03/2012 17:18,
1437,8,20/03/2012 17:19,
1437,6,20/03/2012 17:19,
1444,1,20/03/2012 17:26,
1444,8,20/03/2012 17:53,
1444,6,20/03/2012 18:52,
1447,1,20/03/2012 19:08,
1447,8,20/03/2012 19:10,
1447,6,20/03/2012 19:54,
1448,1,20/03/2012 20:05,
1448,8,20/03/2012 20:05,
1448,9,20/03/2012 20:11,
1448,6,20/03/2012 20:21,
1459,1,20/03/2012 20:27,
1459,8,20/03/2012 20:39,
1459,6,20/03/2012 20:42,
1462,1,20/03/2012 20:45,
1462,8,20/03/2012 20:45,
1462,9,20/03/2012 20:48,
1462,6,20/03/2012 22:19,
1466,1,20/03/2012 22:47,
1466,8,20/03/2012 22:54,
1466,6,20/03/2012 23:01,
1467,1,20/03/2012 23:03,
1467,8,20/03/2012 23:04,
1467,6,20/03/2012 23:22,
1475,1,20/03/2012 23:22,
1475,8,20/03/2012 23:30,
1475,9,20/03/2012 23:44,
1475,8,20/03/2012 23:44,
1475,6,21/03/2012 00:19,
1483,1,21/03/2012 00:58,
1483,8,21/03/2012 01:01,
1483,6,21/03/2012 01:05,
1486,1,21/03/2012 01:05,
1486,8,21/03/2012 01:22,
1486,6,21/03/2012 01:23,
1488,1,21/03/2012 01:37,
1488,8,21/03/2012 17:04,
1488,6,21/03/2012 17:34,
1489,1,21/03/2012 17:35,
1489,8,21/03/2012 19:10,
1489,6,21/03/2012 19:31,
1493,1,21/03/2012 19:34,
1493,8,21/03/2012 19:50,
1493,6,21/03/2012 20:22,
1497,1,21/03/2012 20:25,
1497,6,21/03/2012 20:55,
1497,6,21/03/2012 22:26,
1500,1,21/03/2012 22:39,
1500,6,21/03/2012 22:39,
1500,6,21/03/2012 22:43,
1503,1,21/03/2012 23:09,
1503,8,21/03/2012 23:12,
1503,6,21/03/2012 23:50,
1505,1,22/03/2012 00:22,
1505,8,22/03/2012 00:23,
1505,6,22/03/2012 00:23,
1508,1,22/03/2012 01:23,
1508,8,22/03/2012 01:26,
1508,6,22/03/2012 01:26,
1520,1,22/03/2012 01:34,
1520,8,22/03/2012 01:34,
1520,6,22/03/2012 01:42,
1521,1,22/03/2012 01:48,
1521,8,22/03/2012 17:44,
1521,6,22/03/2012 17:46,
1526,1,22/03/2012 17:48,
1526,8,22/03/2012 17:55,
1526,9,22/03/2012 18:36,
1526,6,22/03/2012 18:53,
1531,1,22/03/2012 19:24,
1531,8,22/03/2012 20:09,
1531,6,22/03/2012 20:09,
1536,1,22/03/2012 20:22,
1536,8,22/03/2012 20:24,
1536,6,22/03/2012 20:25,
1537,1,22/03/2012 21:19,
1537,8,22/03/2012 22:09,
1537,9,22/03/2012 22:12,
1537,6,22/03/2012 22:21,
1548,1,22/03/2012 22:24,
1548,8,22/03/2012 22:32,
1548,6,22/03/2012 23:31,
1552,1,22/03/2012 23:36,
1552,8,22/03/2012 23:47,
1552,6,23/03/2012 01:03,
1555,1,23/03/2012 01:35,
1555,8,23/03/2012 01:45,
1555,6,23/03/2012 02:00,
1559,1,23/03/2012 17:04,
1559,8,23/03/2012 17:35,
1559,6,23/03/2012 18:44,
1559,6,23/03/2012 18:57,
1564,1,23/03/2012 18:57,
1564,8,23/03/2012 19:04,
1564,6,23/03/2012 20:03,
1566,1,23/03/2012 20:03,
1566,8,23/03/2012 22:49,
1566,6,23/03/2012 23:27,
1569,1,23/03/2012 23:44,
1569,8,23/03/2012 23:44,
1587,9,26/03/2012 15:01,
1587,6,26/03/2012 15:27,
1588,1,26/03/2012 15:57,
1588,8,26/03/2012 16:32,
1588,6,26/03/2012 16:58,
1591,1,26/03/2012 18:31,
1591,8,26/03/2012 18:38,
1591,6,26/03/2012 18:38,
1592,1,26/03/2012 19:55,
1592,8,26/03/2012 20:58,
1592,9,26/03/2012 21:15,
1592,6,26/03/2012 21:33,
1596,1,26/03/2012 21:57,
1596,8,26/03/2012 22:09,
1596,6,26/03/2012 23:15,
1598,1,26/03/2012 23:17,
1598,8,26/03/2012 23:25,
1598,6,26/03/2012 23:59,
1598,6,27/03/2012 00:00,
1599,1,27/03/2012 15:52,
1599,8,27/03/2012 16:01,
1599,6,27/03/2012 16:41,
1601,1,27/03/2012 16:42,
1601,8,27/03/2012 17:06,
1601,6,27/03/2012 17:51,
1602,1,27/03/2012 17:53,
1602,8,27/03/2012 17:59,
1602,6,27/03/2012 21:06,
1620,1,27/03/2012 23:33,
1620,8,28/03/2012 15:20,
1620,9,28/03/2012 15:44,
1620,8,28/03/2012 16:24,
1620,9,28/03/2012 16:25,
1620,6,28/03/2012 16:27,
1626,1,28/03/2012 16:29,
1626,8,28/03/2012 16:58,
1626,6,28/03/2012 17:02,
1630,1,28/03/2012 17:49,
1630,8,28/03/2012 17:55,
1630,6,28/03/2012 18:55,
1632,1,28/03/2012 20:28,
1632,8,28/03/2012 20:28,
1632,6,28/03/2012 20:52,
1634,1,28/03/2012 21:12,
1634,8,28/03/2012 21:50,
1634,6,28/03/2012 21:51,
1642,1,28/03/2012 21:51,
1642,8,28/03/2012 22:40,
1642,9,28/03/2012 22:46,
1642,6,28/03/2012 23:32,
1649,1,28/03/2012 23:32,
1649,8,28/03/2012 23:35,
1649,6,28/03/2012 23:37,
1653,1,28/03/2012 23:39,
1653,8,28/03/2012 23:40,
1653,6,29/03/2012 14:58,
1660,1,29/03/2012 15:31,
1660,8,29/03/2012 15:37,
1660,6,29/03/2012 15:51,
1665,1,29/03/2012 17:29,
1665,8,29/03/2012 17:29,
1665,6,29/03/2012 18:18,
1673,1,29/03/2012 18:29,
1673,8,29/03/2012 18:51,
1673,6,29/03/2012 21:55,
1680,1,29/03/2012 21:55,
1680,8,29/03/2012 22:18,
1680,9,29/03/2012 23:31,
1680,6,29/03/2012 23:31,
1682,1,29/03/2012 23:37,
1682,8,29/03/2012 23:37,
1682,6,29/03/2012 23:59,
1683,1,30/03/2012 14:41,
1683,8,30/03/2012 14:43,
1683,6,30/03/2012 14:49,
1687,1,30/03/2012 15:52,
1687,8,30/03/2012 16:00,
1687,6,30/03/2012 17:09,
1689,1,30/03/2012 17:29,
1689,8,30/03/2012 18:18,
1689,9,30/03/2012 20:16,
1689,6,30/03/2012 21:59,
1690,1,30/03/2012 21:59,
1690,8,30/03/2012 22:00,
1690,9,30/03/2012 22:07,
1690,6,30/03/2012 22:07,
1696,1,30/03/2012 22:38,
1696,8,30/03/2012 22:38,
1696,6,30/03/2012 22:58,
1708,1,30/03/2012 22:58,
1708,8,30/03/2012 23:30,
1708,6,30/03/2012 23:55,
1717,1,02/04/2012 15:25,
1717,6,02/04/2012 15:29,
1719,1,02/04/2012 15:52,
1719,8,02/04/2012 15:56,
1719,6,02/04/2012 16:20,
1719,6,02/04/2012 16:42,
1722,1,02/04/2012 16:42,
1722,8,02/04/2012 16:47,
1722,6,02/04/2012 16:47,
1732,1,02/04/2012 17:05,
1732,8,02/04/2012 17:30,
1732,6,02/04/2012 17:38,
1737,1,02/04/2012 18:12,
1737,8,02/04/2012 18:21,
1737,9,02/04/2012 18:52,
1737,6,02/04/2012 20:35,
1739,1,02/04/2012 20:45,
1739,8,02/04/2012 20:49,
1739,6,02/04/2012 21:16,
1741,1,02/04/2012 21:16,
1741,8,02/04/2012 21:26,
1741,6,02/04/2012 21:33,
1742,1,02/04/2012 22:32,
1742,8,02/04/2012 22:36,
1742,6,02/04/2012 23:05,
1750,1,02/04/2012 23:20,
1750,8,03/04/2012 00:04,
1750,9,03/04/2012 15:17,
1750,6,03/04/2012 15:32,
1751,1,03/04/2012 15:50,
1751,8,03/04/2012 15:52,
1751,6,03/04/2012 15:53,
1752,1,03/04/2012 16:55,
1752,8,03/04/2012 16:55,
1752,9,03/04/2012 17:39,
1752,8,03/04/2012 18:13,
1752,8,03/04/2012 18:19,
1752,6,03/04/2012 18:51,
1753,1,03/04/2012 18:54,
1753,8,03/04/2012 19:00,
1753,6,03/04/2012 20:38,
1762,1,03/04/2012 20:38,
1762,8,03/04/2012 20:39,
1762,6,03/04/2012 21:08,
1769,1,03/04/2012 21:09,
1769,8,03/04/2012 21:45,
1769,6,03/04/2012 21:47,
1773,1,03/04/2012 21:48,
1773,8,03/04/2012 21:56,
1773,6,03/04/2012 22:15,
1780,1,03/04/2012 22:15,
1780,8,03/04/2012 22:18,
1780,9,03/04/2012 22:18,
1780,6,03/04/2012 22:48,
1784,1,03/04/2012 23:05,
1784,8,03/04/2012 23:29,
1784,6,04/04/2012 00:05,
1784,6,04/04/2012 00:07,
1787,1,04/04/2012 00:21,
1787,8,04/04/2012 16:11,
1787,9,04/04/2012 17:39,
1787,9,04/04/2012 17:59,
1787,6,04/04/2012 20:24,
1787,6,04/04/2012 20:25,
1791,1,04/04/2012 20:38,
1791,8,04/04/2012 20:39,
1791,6,04/04/2012 20:44,
1797,1,04/04/2012 21:06,
1797,8,04/04/2012 22:04,
1797,6,04/04/2012 22:04,
1801,1,04/04/2012 23:32,
1801,8,04/04/2012 23:32,
1801,6,05/04/2012 15:30,
1802,1,05/04/2012 15:48,
1802,8,05/04/2012 17:15,
1802,6,05/04/2012 18:48,
1803,1,05/04/2012 19:24,
1803,1,05/04/2012 21:17,
1803,8,05/04/2012 22:35,
1803,9,05/04/2012 22:38,
1803,6,05/04/2012 22:44,
1808,1,05/04/2012 22:44,
1808,8,05/04/2012 22:51,
1808,6,05/04/2012 23:06,
1810,1,05/04/2012 23:16,
1810,8,06/04/2012 00:03,
1810,9,06/04/2012 00:05,
1810,6,06/04/2012 15:21,
1813,1,06/04/2012 15:25,
1813,8,06/04/2012 15:25,
1813,9,06/04/2012 15:40,
1813,6,06/04/2012 16:05,
1815,1,06/04/2012 16:45,
1815,8,06/04/2012 16:51,
1815,6,06/04/2012 17:02,
1817,1,06/04/2012 17:58,
1817,8,06/04/2012 18:29,
1817,6,06/04/2012 18:38,
1824,1,06/04/2012 18:38,
1824,6,06/04/2012 18:43,
1824,6,06/04/2012 20:13,
1825,1,06/04/2012 20:48,
1825,8,06/04/2012 21:09,
1825,9,06/04/2012 22:12,
1825,6,06/04/2012 22:25,
1829,1,06/04/2012 22:41,
1829,8,06/04/2012 22:45,
1829,6,06/04/2012 23:00,
1835,1,06/04/2012 23:16,
1835,8,10/04/2012 16:56,
1835,6,10/04/2012 17:14,
1842,1,10/04/2012 17:15,
1842,8,10/04/2012 17:15,
1842,6,10/04/2012 17:27,
1844,1,10/04/2012 17:28,
1844,8,10/04/2012 18:25,
1844,9,10/04/2012 18:47,
1844,6,10/04/2012 18:47,
1847,1,10/04/2012 18:53,
1847,8,10/04/2012 21:30,
1847,6,10/04/2012 21:31,
1852,1,10/04/2012 21:40,
1852,8,10/04/2012 21:57,
1852,6,10/04/2012 21:58,
1854,1,10/04/2012 22:47,
1854,8,10/04/2012 23:18,
1854,9,11/04/2012 00:00,
1854,6,11/04/2012 00:00,
1856,1,11/04/2012 00:03,
1856,8,11/04/2012 15:03,
1856,9,11/04/2012 15:26,
1856,6,11/04/2012 15:31,
1857,1,11/04/2012 15:32,
1857,8,11/04/2012 15:32,
1857,6,11/04/2012 16:06,
1870,1,11/04/2012 17:07,
1870,8,11/04/2012 17:12,
1870,6,11/04/2012 17:29,
1871,1,11/04/2012 17:39,
1871,8,11/04/2012 17:39,
1871,6,11/04/2012 18:39,
1873,1,11/04/2012 19:21,
1873,8,11/04/2012 20:21,
1873,6,11/04/2012 20:23,
1873,6,11/04/2012 20:30,
1875,1,11/04/2012 20:30,
1875,8,11/04/2012 20:47,
1875,9,11/04/2012 20:48,
1875,6,11/04/2012 20:48,
1876,1,11/04/2012 20:51,
1876,8,11/04/2012 20:52,
1876,6,11/04/2012 21:06,
1876,6,11/04/2012 21:30,
1878,1,11/04/2012 22:09,
1878,8,11/04/2012 22:09,
1878,6,11/04/2012 22:51,
1880,1,11/04/2012 23:07,
1880,8,11/04/2012 23:07,
1880,6,11/04/2012 23:11,
1885,1,11/04/2012 23:30,
1885,8,12/04/2012 15:33,
1885,9,12/04/2012 15:48,
1885,6,12/04/2012 15:49,
1886,1,12/04/2012 15:51,
1886,8,12/04/2012 16:17,
1886,6,12/04/2012 16:17,
1887,1,12/04/2012 16:18,
1887,8,12/04/2012 16:19,
1887,6,12/04/2012 16:19,
1890,1,12/04/2012 16:29,
1890,8,12/04/2012 17:29,
1890,6,12/04/2012 17:32,
1898,1,12/04/2012 17:53,
1898,8,12/04/2012 17:55,
1898,9,12/04/2012 18:26,
1898,6,12/04/2012 18:31,
1902,1,12/04/2012 18:31,
1902,8,12/04/2012 20:09,
1902,6,12/04/2012 20:25,
1908,1,12/04/2012 20:57,
1908,8,12/04/2012 22:17,
1908,9,12/04/2012 22:57,
1908,6,12/04/2012 22:57,
1910,1,12/04/2012 22:59,
1910,8,12/04/2012 23:00,
1910,6,12/04/2012 23:45,
1912,1,12/04/2012 23:57,
1912,8,13/04/2012 00:00,
1912,9,13/04/2012 15:03,
1912,6,13/04/2012 15:19,
1914,1,13/04/2012 15:24,
1914,8,13/04/2012 15:54,
1914,6,13/04/2012 15:59,
1920,1,13/04/2012 16:23,
1920,8,13/04/2012 16:23,
1920,6,13/04/2012 19:01,
1922,1,13/04/2012 19:02,
1922,8,13/04/2012 20:19,
1922,6,13/04/2012 21:08,
1931,1,13/04/2012 21:22,
1931,8,13/04/2012 21:36,
1931,6,13/04/2012 21:36,
1931,6,13/04/2012 21:38,
1938,1,13/04/2012 23:07,
1938,8,13/04/2012 23:35,
1938,6,16/04/2012 15:01,
1944,1,16/04/2012 15:05,
1944,8,16/04/2012 15:07,
1944,9,16/04/2012 15:09,
1944,6,16/04/2012 15:12,
1946,1,16/04/2012 15:23,
1946,8,16/04/2012 16:16,
1946,6,16/04/2012 16:22,
1950,1,16/04/2012 16:22,
1950,8,16/04/2012 16:26,
1950,6,16/04/2012 16:47,
1955,1,16/04/2012 16:48,
1955,8,16/04/2012 16:52,
1955,6,16/04/2012 17:54,
1960,1,16/04/2012 20:19,
1960,8,16/04/2012 20:22,
1960,9,16/04/2012 20:36,
1960,6,16/04/2012 20:39,
1962,1,16/04/2012 20:40,
1962,8,16/04/2012 20:50,
1962,6,16/04/2012 20:54,
1963,1,16/04/2012 21:40,
1963,8,16/04/2012 21:41,
1963,6,16/04/2012 22:05,
1965,3,16/04/2012 22:15,
1965,1,16/04/2012 22:20,
1965,8,16/04/2012 22:26,
1965,6,16/04/2012 23:29,
1967,1,16/04/2012 23:33,
1967,8,16/04/2012 23:33,
1967,6,16/04/2012 23:33,
1967,6,17/04/2012 15:13,
1968,1,17/04/2012 15:40,
1968,8,17/04/2012 15:46,
1968,6,17/04/2012 16:44,
1972,1,17/04/2012 17:37,
1972,8,17/04/2012 17:58,
1972,6,17/04/2012 17:59,
1974,1,17/04/2012 18:52,
1974,8,17/04/2012 20:22,
1974,6,17/04/2012 20:29,
1977,1,17/04/2012 20:54,
1977,8,17/04/2012 22:01,
1977,6,17/04/2012 22:15,
1979,1,17/04/2012 22:32,
1979,8,17/04/2012 22:41,
1979,9,17/04/2012 23:39,
1979,6,18/04/2012 15:07,
1982,1,18/04/2012 16:16,
1982,8,18/04/2012 16:25,
1982,6,18/04/2012 16:55,
1988,1,18/04/2012 16:57,
1988,8,18/04/2012 17:00,
1988,6,18/04/2012 17:00,
1990,1,18/04/2012 17:50,
1990,8,18/04/2012 19:59,
1990,6,18/04/2012 20:32,
1992,1,18/04/2012 20:36,
1992,8,18/04/2012 20:38,
1992,6,18/04/2012 20:47,
1993,1,18/04/2012 22:41,
1993,8,18/04/2012 22:58,
1993,6,19/04/2012 15:11,
1994,1,19/04/2012 15:16,
1994,6,19/04/2012 15:21,
1995,1,19/04/2012 15:23,
1995,8,19/04/2012 15:25,
1995,9,19/04/2012 15:27,
1995,6,19/04/2012 15:46,
1998,1,19/04/2012 17:16,
1998,8,19/04/2012 17:16,
1998,9,19/04/2012 17:42,
1998,6,19/04/2012 17:42,
1999,1,19/04/2012 17:47,
1999,8,19/04/2012 18:11,
1999,6,19/04/2012 18:51,
1999,6,19/04/2012 19:27,
2002,1,19/04/2012 20:49,
2002,8,19/04/2012 21:36,
2002,6,19/04/2012 21:36,
2012,1,19/04/2012 21:38,
2012,8,19/04/2012 21:38,
2012,6,19/04/2012 21:39,
2014,1,19/04/2012 21:39,
2014,8,19/04/2012 21:58,
2014,9,19/04/2012 22:03,
2014,6,19/04/2012 22:50,
2024,1,19/04/2012 22:50,
2024,8,19/04/2012 23:22,
2024,9,19/04/2012 23:36,
2024,6,20/04/2012 15:04,
2025,1,20/04/2012 15:04,
2025,8,20/04/2012 15:39,
2025,6,20/04/2012 15:39,
2025,6,20/04/2012 16:41,
2026,1,20/04/2012 16:42,
2026,8,20/04/2012 17:35,
2026,6,20/04/2012 17:36,
2027,1,20/04/2012 17:50,
2027,8,20/04/2012 18:01,
2027,9,20/04/2012 18:11,
2027,6,20/04/2012 18:13,
2029,1,20/04/2012 18:15,
2029,8,20/04/2012 18:16,
2029,6,20/04/2012 18:18,
2030,1,20/04/2012 18:41,
2030,8,20/04/2012 18:42,
2030,6,20/04/2012 18:42,
2032,1,20/04/2012 18:47,
2032,8,20/04/2012 18:54,
2032,6,20/04/2012 18:54,
2034,1,20/04/2012 18:57,
2034,8,20/04/2012 19:01,
2034,6,20/04/2012 19:05,
2039,1,20/04/2012 19:55,
2039,8,20/04/2012 19:55,
2039,6,20/04/2012 20:01,
2043,1,20/04/2012 21:23,
2043,8,20/04/2012 21:26,
2043,6,20/04/2012 21:26,
2046,1,20/04/2012 21:48,
2046,8,20/04/2012 22:03,
2046,6,20/04/2012 22:03,
2047,1,20/04/2012 23:29,
2047,8,23/04/2012 15:20,
2047,6,23/04/2012 15:37,
2049,1,23/04/2012 15:44,
2049,6,23/04/2012 16:11,
2060,1,23/04/2012 16:24,
2060,8,23/04/2012 17:06,
2060,6,23/04/2012 17:09,
2061,1,23/04/2012 17:14,
2061,8,23/04/2012 17:16,
2061,6,23/04/2012 18:03,
2063,1,23/04/2012 18:07,
2063,8,23/04/2012 18:16,
2063,6,23/04/2012 18:34,
2070,1,23/04/2012 18:38,
2070,8,23/04/2012 18:38,
2070,9,23/04/2012 22:32,
2070,6,23/04/2012 23:07,
2073,1,23/04/2012 23:22,
2073,8,23/04/2012 23:27,
2073,9,23/04/2012 23:30,
2073,6,23/04/2012 23:34,
2074,1,23/04/2012 23:42,
2074,8,23/04/2012 23:43,
2074,6,24/04/2012 15:43,
2078,1,24/04/2012 15:51,
2078,9,24/04/2012 16:05,
2078,8,24/04/2012 16:13,
2078,6,24/04/2012 16:13,
2080,1,24/04/2012 17:25,
2080,8,24/04/2012 17:40,
2080,8,24/04/2012 18:22,
2080,6,24/04/2012 18:50,
2084,1,24/04/2012 20:13,
2084,8,24/04/2012 20:20,
2084,6,24/04/2012 20:35,
2085,1,24/04/2012 20:36,
2085,8,24/04/2012 21:15,
2085,6,24/04/2012 21:22,
2085,6,24/04/2012 21:28,
2090,8,24/04/2012 22:03,
2090,9,24/04/2012 22:05,
2090,6,24/04/2012 22:07,
2095,1,24/04/2012 23:31,
2095,8,24/04/2012 23:48,
2095,6,26/04/2012 16:09,
2096,1,26/04/2012 16:27,
2096,8,26/04/2012 16:37,
2096,6,26/04/2012 17:28,
2097,1,26/04/2012 18:14,
2097,8,26/04/2012 18:51,
2097,6,26/04/2012 18:55,
2100,1,26/04/2012 18:56,
2100,8,26/04/2012 20:19,
2100,6,26/04/2012 20:46,
2116,1,26/04/2012 20:49,
2116,8,26/04/2012 20:49,
2116,6,26/04/2012 21:02,
2128,1,26/04/2012 21:03,
2128,8,26/04/2012 21:05,
2128,6,26/04/2012 21:06,
2128,6,26/04/2012 21:07,
2130,1,26/04/2012 23:04,
2130,8,26/04/2012 23:59,
2130,6,27/04/2012 00:30,
2139,1,27/04/2012 15:46,
2139,8,27/04/2012 15:47,
2139,4,27/04/2012 16:00,
2139,8,27/04/2012 16:02,
2139,9,27/04/2012 16:02,
2139,6,27/04/2012 16:13,
2140,1,27/04/2012 16:32,
2140,8,27/04/2012 17:54,
2140,6,27/04/2012 18:48,
2148,1,27/04/2012 22:29,
2148,8,27/04/2012 22:43,
2148,6,30/04/2012 15:20,
2148,6,30/04/2012 18:02,
2150,1,30/04/2012 18:05,
2150,8,30/04/2012 20:03,
2150,6,30/04/2012 20:06,
2160,1,30/04/2012 20:08,
2160,8,30/04/2012 21:27,
2160,6,30/04/2012 21:28,
2164,1,30/04/2012 21:32,
2164,8,30/04/2012 21:33,
2164,6,30/04/2012 22:02,
2167,1,02/05/2012 15:17,
2167,8,02/05/2012 15:39,
2167,6,02/05/2012 15:50,
2171,1,02/05/2012 16:20,
2171,8,02/05/2012 17:10,
2171,6,02/05/2012 17:19,
2174,1,02/05/2012 17:32,
2174,8,02/05/2012 18:01,
2174,6,02/05/2012 18:41,
2187,1,02/05/2012 18:44,
2187,8,02/05/2012 18:44,
2187,6,02/05/2012 20:09,
2188,1,02/05/2012 20:29,
2188,8,02/05/2012 20:33,
2188,6,02/05/2012 20:43,
2193,1,02/05/2012 21:08,
2193,8,02/05/2012 21:45,
2193,6,02/05/2012 21:49,
2194,1,02/05/2012 21:51,
2194,6,02/05/2012 22:15,
2200,1,02/05/2012 23:54,
2200,8,03/05/2012 00:03,
2200,6,03/05/2012 00:03,
2202,1,03/05/2012 15:51,
2202,8,03/05/2012 15:59,
2202,6,03/05/2012 15:59,
2214,1,03/05/2012 16:00,
2214,8,03/05/2012 16:00,
2214,6,03/05/2012 16:00,
2220,1,03/05/2012 16:01,
2220,8,03/05/2012 16:21,
2220,6,03/05/2012 16:50,
2224,1,03/05/2012 16:50,
2224,8,03/05/2012 17:33,
2224,6,03/05/2012 17:54,
2225,1,03/05/2012 17:57,
2225,1,03/05/2012 18:11,
2225,8,03/05/2012 18:35,
2225,6,03/05/2012 20:22,
2226,1,03/05/2012 20:23,
2226,8,03/05/2012 20:46,
2226,6,03/05/2012 21:09,
2227,1,03/05/2012 21:21,
2227,6,03/05/2012 22:34,
2227,6,03/05/2012 22:37,
2240,1,03/05/2012 22:59,
2240,8,03/05/2012 22:59,
2240,6,03/05/2012 23:34,
2241,1,03/05/2012 23:47,
2241,8,03/05/2012 23:51,
2241,9,04/05/2012 00:20,
2241,6,04/05/2012 15:07,
2242,1,04/05/2012 15:07,
2242,8,04/05/2012 15:36,
2242,6,04/05/2012 16:14,
2244,1,04/05/2012 16:28,
2244,8,04/05/2012 16:31,
2244,9,04/05/2012 16:55,
2244,6,04/05/2012 17:25,
2247,1,04/05/2012 17:28,
2247,8,04/05/2012 17:32,
2247,6,04/05/2012 17:51,
2250,1,04/05/2012 17:52,
2250,9,04/05/2012 18:39,
2250,6,04/05/2012 18:53,
2252,1,04/05/2012 22:01,
2252,8,04/05/2012 23:23,
2252,6,04/05/2012 23:26,
2255,1,04/05/2012 23:34,
2255,8,04/05/2012 23:49,
2255,6,04/05/2012 23:56,
2258,1,04/05/2012 23:58,
2258,8,04/05/2012 23:59,
2259,1,07/05/2012 14:59,
2259,8,07/05/2012 15:01,
2259,6,07/05/2012 15:26,
2261,1,07/05/2012 15:41,
2261,8,07/05/2012 16:10,
2261,6,07/05/2012 16:24,
2262,1,07/05/2012 16:25,
2262,8,07/05/2012 16:35,
2262,6,07/05/2012 16:53,
2273,1,07/05/2012 16:54,
2273,8,07/05/2012 17:03,
2273,6,07/05/2012 17:04,
2277,1,07/05/2012 17:48,
2277,8,07/05/2012 17:48,
2277,6,07/05/2012 18:19,
2286,1,07/05/2012 18:20,
2286,8,07/05/2012 18:24,
2286,6,07/05/2012 18:30,
2293,1,07/05/2012 18:32,
2293,8,07/05/2012 18:36,
2293,6,07/05/2012 18:50,
2293,6,07/05/2012 20:19,
2296,1,07/05/2012 20:19,
2296,8,07/05/2012 21:00,
2296,6,07/05/2012 21:49,
2303,1,07/05/2012 21:53,
2303,8,07/05/2012 21:57,
2303,6,07/05/2012 22:59,
2313,1,07/05/2012 23:01,
2313,8,07/05/2012 23:12,
2313,6,07/05/2012 23:16,
2317,1,07/05/2012 23:23,
2317,8,08/05/2012 15:05,
2317,6,08/05/2012 15:08,
2318,1,08/05/2012 15:08,
2318,8,08/05/2012 15:14,
2318,9,08/05/2012 15:14,
2318,9,08/05/2012 15:20,
2318,9,08/05/2012 15:20,
2318,6,08/05/2012 15:40,
2323,1,08/05/2012 16:05,
2323,8,08/05/2012 16:13,
2323,6,08/05/2012 16:34,
2326,1,08/05/2012 16:37,
2326,8,08/05/2012 17:17,
2326,9,08/05/2012 17:18,
2326,6,08/05/2012 17:18,
2342,1,08/05/2012 18:11,
2342,8,08/05/2012 18:11,
2342,9,08/05/2012 18:53,
2342,9,08/05/2012 19:00,
2342,6,08/05/2012 19:16,
2344,1,08/05/2012 20:31,
2344,8,08/05/2012 20:53,
2344,6,08/05/2012 21:59,
2347,1,08/05/2012 22:04,
2347,6,08/05/2012 22:08,
2350,1,08/05/2012 22:08,
2350,8,08/05/2012 23:06,
2350,6,08/05/2012 23:36,
2350,8,09/05/2012 00:05,
2350,6,09/05/2012 00:11,
2357,1,09/05/2012 00:12,
2357,6,09/05/2012 00:12,
2358,1,09/05/2012 15:05,
2358,8,09/05/2012 15:06,
2358,6,09/05/2012 15:15,
2365,1,09/05/2012 15:19,
2365,8,09/05/2012 15:22,
2365,6,09/05/2012 16:24,
2366,1,09/05/2012 16:41,
2366,8,09/05/2012 16:41,
2366,9,09/05/2012 16:57,
2366,6,09/05/2012 16:57,
2367,1,09/05/2012 17:17,
2367,8,09/05/2012 17:18,
2367,6,09/05/2012 17:25,
2374,1,09/05/2012 17:31,
2374,8,09/05/2012 18:06,
2374,6,09/05/2012 18:43,
2380,1,09/05/2012 18:56,
2380,8,09/05/2012 21:22,
2380,9,09/05/2012 21:23,
2380,8,09/05/2012 21:29,
2380,6,09/05/2012 21:40,
2382,1,09/05/2012 22:02,
2382,8,09/05/2012 22:13,
2382,2,09/05/2012 22:13,
2382,6,09/05/2012 22:23,
2386,1,09/05/2012 22:29,
2386,8,09/05/2012 22:37,
2386,6,09/05/2012 23:39,
2388,1,10/05/2012 00:06,
2388,8,10/05/2012 15:15,
2388,6,10/05/2012 15:16,
2390,1,10/05/2012 15:25,
2390,8,10/05/2012 15:25,
2390,6,10/05/2012 15:35,
2394,1,10/05/2012 16:20,
2394,8,10/05/2012 16:22,
2394,6,10/05/2012 16:22,
2397,1,10/05/2012 16:26,
2397,8,10/05/2012 16:27,
2397,6,10/05/2012 16:27,
2403,1,10/05/2012 16:50,
2403,8,10/05/2012 16:59,
2403,6,10/05/2012 17:02,
2409,1,10/05/2012 17:07,
2409,6,10/05/2012 17:19,
2409,6,10/05/2012 18:02,
2415,1,10/05/2012 18:03,
2415,8,10/05/2012 18:18,
2415,6,10/05/2012 18:34,
2419,1,10/05/2012 20:22,
2419,8,10/05/2012 20:36,
2419,9,10/05/2012 21:06,
2419,6,10/05/2012 21:11,
2421,1,10/05/2012 21:13,
2421,8,10/05/2012 21:16,
2421,6,10/05/2012 21:52,
2429,1,10/05/2012 22:58,
2429,8,10/05/2012 23:53,
2429,9,10/05/2012 23:55,
2429,6,11/05/2012 15:28,
2429,6,11/05/2012 15:50,
2431,1,11/05/2012 16:26,
2431,8,11/05/2012 16:51,
2431,6,11/05/2012 18:14,
2440,1,11/05/2012 19:01,
2440,8,11/05/2012 20:07,
2440,6,11/05/2012 20:08,
2449,1,11/05/2012 20:14,
2449,8,11/05/2012 20:54,
2449,6,11/05/2012 21:51,
2454,1,11/05/2012 22:57,
2454,8,11/05/2012 23:26,
2454,9,11/05/2012 23:41,
2454,6,11/05/2012 23:42,
2455,1,11/05/2012 23:49,
2455,8,11/05/2012 23:50,
2455,9,14/05/2012 15:24,
2455,6,14/05/2012 16:44,
2461,1,14/05/2012 16:44,
2461,8,14/05/2012 17:34,
2461,6,14/05/2012 17:35,
2462,1,14/05/2012 18:02,
2462,8,14/05/2012 19:21,
2462,6,14/05/2012 20:10,
2462,6,14/05/2012 20:36,
2472,1,14/05/2012 20:39,
2472,8,14/05/2012 20:39,
2472,6,14/05/2012 20:54,
2474,1,14/05/2012 20:59,
2474,8,14/05/2012 20:59,
2474,6,14/05/2012 21:04,
2477,1,14/05/2012 21:05,
2477,8,14/05/2012 21:05,
2477,6,14/05/2012 21:06,
2479,1,14/05/2012 21:28,
2479,6,14/05/2012 21:28,
2482,1,14/05/2012 21:31,
2482,8,14/05/2012 22:35,
2482,6,14/05/2012 22:36,
2484,1,14/05/2012 22:37,
2484,8,14/05/2012 22:48,
2484,6,14/05/2012 22:49,
2485,1,14/05/2012 22:53,
2485,8,14/05/2012 23:05,
2485,6,14/05/2012 23:09,
2487,1,14/05/2012 23:13,
2487,8,14/05/2012 23:13,
2487,6,14/05/2012 23:24,
2489,1,14/05/2012 23:58,
2489,8,15/05/2012 15:02,
2489,6,15/05/2012 15:07,
2491,1,15/05/2012 15:08,
2491,8,15/05/2012 15:16,
2491,6,15/05/2012 15:21,
2493,1,15/05/2012 15:30,
2493,8,15/05/2012 15:34,
2493,6,15/05/2012 15:41,
2497,1,15/05/2012 15:52,
2497,8,15/05/2012 15:56,
2497,6,15/05/2012 16:01,
2504,1,15/05/2012 16:02,
2504,8,15/05/2012 16:06,
2504,9,15/05/2012 16:09,
2504,6,15/05/2012 16:09,
2511,1,15/05/2012 16:12,
2511,8,15/05/2012 16:13,
2511,6,15/05/2012 16:29,
2516,1,15/05/2012 16:33,
2516,8,15/05/2012 16:39,
2516,6,15/05/2012 16:39,
2518,1,15/05/2012 16:49,
2518,8,15/05/2012 17:08,
2518,9,15/05/2012 17:08,
2518,6,15/05/2012 17:31,
2521,1,15/05/2012 17:50,
2521,8,15/05/2012 18:01,
2521,6,15/05/2012 20:31,
2528,1,15/05/2012 20:31,
2528,8,15/05/2012 20:35,
2528,6,15/05/2012 20:39,
2532,1,15/05/2012 21:07,
2532,8,15/05/2012 21:09,
2532,6,15/05/2012 21:59,
2533,1,15/05/2012 23:01,
2533,8,15/05/2012 23:03,
2533,6,15/05/2012 23:04,
2534,1,15/05/2012 23:07,
2534,8,15/05/2012 23:23,
2534,6,15/05/2012 23:24,
2535,1,15/05/2012 23:30,
2535,8,15/05/2012 23:34,
2535,6,15/05/2012 23:34,
2536,1,15/05/2012 23:46,
2536,8,16/05/2012 00:11,
2536,6,16/05/2012 15:06,
2538,1,16/05/2012 15:08,
2538,8,16/05/2012 15:35,
2538,8,16/05/2012 15:38,
2538,9,16/05/2012 15:48,
2538,6,16/05/2012 16:04,
2539,1,16/05/2012 16:26,
2539,8,16/05/2012 16:39,
2539,6,16/05/2012 18:59,
2542,1,16/05/2012 20:44,
2542,8,16/05/2012 20:44,
2542,6,16/05/2012 20:56,
2546,1,16/05/2012 21:02,
2546,8,16/05/2012 21:20,
2546,6,16/05/2012 21:27,
2549,1,16/05/2012 21:52,
2549,8,16/05/2012 21:56,
2549,6,16/05/2012 22:02,
2551,1,16/05/2012 23:07,
2551,8,16/05/2012 23:11,
2551,6,16/05/2012 23:13,
2554,1,16/05/2012 23:57,
2554,8,17/05/2012 15:21,
2554,6,17/05/2012 15:35,
2556,1,17/05/2012 15:36,
2556,8,17/05/2012 15:46,
2556,6,17/05/2012 15:47,
2566,1,17/05/2012 17:20,
2566,8,17/05/2012 17:52,
2566,6,17/05/2012 17:55,
2572,1,17/05/2012 17:56,
2572,8,17/05/2012 20:05,
2572,2,17/05/2012 20:38,
2572,8,17/05/2012 22:28,
2572,9,17/05/2012 22:34,
2572,6,17/05/2012 23:07,
2573,1,17/05/2012 23:26,
2573,8,17/05/2012 23:53,
2573,6,18/05/2012 14:58,
2575,1,18/05/2012 15:06,
2575,8,18/05/2012 15:07,
2575,9,18/05/2012 15:09,
2575,6,18/05/2012 15:09,
2576,1,18/05/2012 15:18,
2576,8,18/05/2012 15:20,
2576,9,18/05/2012 15:32,
2576,6,18/05/2012 15:53,
2579,1,18/05/2012 16:25,
2579,6,18/05/2012 16:27,
2580,1,18/05/2012 17:33,
2580,8,18/05/2012 17:39,
2580,6,18/05/2012 17:46,
2582,1,18/05/2012 17:48,
2582,8,18/05/2012 17:50,
2582,6,18/05/2012 20:02,
2584,1,18/05/2012 20:08,
2584,8,18/05/2012 20:11,
2584,9,18/05/2012 20:11,
2584,8,18/05/2012 20:25,
2584,6,18/05/2012 20:33,
2586,1,18/05/2012 21:13,
2586,8,18/05/2012 21:34,
2586,6,18/05/2012 21:34,
2592,1,18/05/2012 22:22,
2592,8,18/05/2012 22:23,
2592,6,18/05/2012 22:23,
2595,1,18/05/2012 22:24,
2595,8,18/05/2012 22:24,
2595,6,18/05/2012 22:28,
2600,1,18/05/2012 22:28,
2600,8,18/05/2012 23:07,
2600,6,18/05/2012 23:26,
2602,1,18/05/2012 23:27,
2602,8,18/05/2012 23:27,
2602,6,21/05/2012 15:13,
2603,1,21/05/2012 15:18,
2603,8,21/05/2012 15:19,
2603,6,21/05/2012 15:22,
2606,1,21/05/2012 15:26,
2606,8,21/05/2012 15:29,
2606,9,21/05/2012 15:55,
2606,6,21/05/2012 16:06,
2607,1,21/05/2012 16:06,
2607,8,21/05/2012 16:22,
2607,6,21/05/2012 16:22,
2609,1,21/05/2012 16:27,
2609,8,21/05/2012 19:01,
2609,9,21/05/2012 19:08,
2609,6,21/05/2012 21:13,
2612,1,21/05/2012 21:13,
2612,8,21/05/2012 21:18,
2612,9,21/05/2012 21:40,
2612,6,21/05/2012 21:56,
2615,1,21/05/2012 21:58,
2615,8,21/05/2012 22:03,
2615,6,21/05/2012 22:47,
2617,1,21/05/2012 23:16,
2617,8,21/05/2012 23:18,
2617,6,21/05/2012 23:31,
2623,1,21/05/2012 23:31,
2623,8,21/05/2012 23:39,
2623,9,22/05/2012 15:02,
2623,8,22/05/2012 15:08,
2623,9,22/05/2012 15:11,
2623,6,22/05/2012 15:13,
2626,1,22/05/2012 15:14,
2626,8,22/05/2012 15:23,
2626,6,22/05/2012 15:25,
2628,1,22/05/2012 15:27,
2628,8,22/05/2012 15:34,
2628,9,22/05/2012 15:50,
2628,6,22/05/2012 15:50,
2630,1,22/05/2012 15:53,
2630,8,22/05/2012 17:47,
2630,6,22/05/2012 17:49,
2634,1,22/05/2012 21:37,
2634,8,22/05/2012 22:03,
2634,6,22/05/2012 22:20,
2637,1,22/05/2012 22:46,
2637,8,22/05/2012 22:58,
2637,6,22/05/2012 23:08,
2641,1,22/05/2012 23:24,
2641,8,22/05/2012 23:43,
2641,9,23/05/2012 15:17,
2641,6,23/05/2012 15:18,
2642,1,23/05/2012 15:19,
2642,6,23/05/2012 15:21,
2648,1,23/05/2012 15:56,
2648,8,23/05/2012 15:57,
2648,6,23/05/2012 16:06,
2663,1,23/05/2012 16:08,
2663,8,23/05/2012 16:10,
2663,6,23/05/2012 16:10,
2669,1,23/05/2012 16:22,
2669,8,23/05/2012 16:27,
2669,6,23/05/2012 16:35,
2669,8,23/05/2012 16:41,
2669,6,23/05/2012 16:58,
2669,6,23/05/2012 17:22,
2672,1,23/05/2012 17:23,
2672,8,23/05/2012 17:23,
2672,6,23/05/2012 18:00,
2684,1,23/05/2012 18:05,
2684,1,23/05/2012 18:06,
2684,1,23/05/2012 18:07,
2684,8,23/05/2012 18:10,
2684,6,23/05/2012 18:55,
2687,1,23/05/2012 20:08,
2687,8,23/05/2012 20:18,
2687,6,23/05/2012 20:47,
2688,1,23/05/2012 22:20,
2688,8,23/05/2012 22:24,
2688,9,23/05/2012 22:47,
2688,6,23/05/2012 23:46,
2689,1,24/05/2012 01:04,
2689,8,24/05/2012 15:54,
2689,6,24/05/2012 16:27,
2690,1,24/05/2012 16:29,
2690,8,24/05/2012 16:29,
2690,6,24/05/2012 17:25,
2691,1,24/05/2012 17:29,
2691,8,24/05/2012 17:32,
2691,9,24/05/2012 17:35,
2691,6,24/05/2012 17:42,
2697,1,24/05/2012 17:58,
2697,8,24/05/2012 18:00,
2697,6,24/05/2012 18:00,
2705,1,24/05/2012 18:19,
2705,8,24/05/2012 18:38,
2705,6,24/05/2012 18:43,
2711,1,24/05/2012 19:20,
2711,8,24/05/2012 20:34,
2711,6,24/05/2012 21:01,
2713,1,24/05/2012 22:08,
2713,8,24/05/2012 23:17,
2713,9,24/05/2012 23:18,
2713,6,24/05/2012 23:19,
2714,1,24/05/2012 23:21,
2714,8,24/05/2012 23:25,
2714,6,24/05/2012 23:27,
2719,1,24/05/2012 23:39,
2719,8,24/05/2012 23:40,
2719,9,24/05/2012 23:42,
2719,6,24/05/2012 23:43,
2723,1,24/05/2012 23:51,
2723,8,25/05/2012 15:13,
2723,6,25/05/2012 15:35,
2723,8,25/05/2012 15:35,
2723,6,25/05/2012 15:42,
2727,1,25/05/2012 16:09,
2727,8,25/05/2012 16:11,
2727,9,25/05/2012 16:12,
2727,8,25/05/2012 16:51,
2727,6,25/05/2012 17:08,
2729,1,25/05/2012 17:15,
2729,8,25/05/2012 17:42,
2729,9,25/05/2012 18:37,
2729,6,25/05/2012 18:42,
2739,1,25/05/2012 18:42,
2739,8,25/05/2012 20:30,
2739,9,25/05/2012 20:31,
2739,6,25/05/2012 20:31,
2750,1,25/05/2012 20:49,
2750,8,25/05/2012 20:55,
2750,6,25/05/2012 21:19,
2753,8,25/05/2012 21:19,
2753,9,25/05/2012 21:20,
2753,6,25/05/2012 22:02,
2757,1,25/05/2012 22:24,
2761,1,28/05/2012 15:00,
2761,8,28/05/2012 15:03,
2761,6,28/05/2012 15:04,
2764,1,28/05/2012 15:05,
2764,8,28/05/2012 15:36,
2764,9,28/05/2012 16:11,
2764,6,28/05/2012 16:22,
2764,6,28/05/2012 16:26,
2772,1,28/05/2012 16:35,
2772,8,28/05/2012 18:22,
2772,6,28/05/2012 20:28,
2779,1,28/05/2012 21:11,
2779,8,28/05/2012 22:20,
2779,6,28/05/2012 22:21,
2787,1,28/05/2012 22:31,
2787,8,28/05/2012 22:36,
2787,6,28/05/2012 22:40,
2789,1,28/05/2012 22:41,
2789,8,28/05/2012 22:55,
2789,6,28/05/2012 23:06,
2791,1,28/05/2012 23:06,
2791,8,28/05/2012 23:21,
2791,6,28/05/2012 23:41,
2792,1,29/05/2012 15:03,
2792,8,29/05/2012 15:04,
2792,6,29/05/2012 15:07,
2792,6,29/05/2012 15:08,
2795,1,29/05/2012 15:45,
2795,8,29/05/2012 16:06,
2795,9,29/05/2012 16:40,
2795,6,29/05/2012 18:20,
2796,1,29/05/2012 18:21,
2796,8,29/05/2012 18:27,
2796,6,29/05/2012 18:31,
2799,1,29/05/2012 18:44,
2799,8,29/05/2012 20:45,
2799,6,29/05/2012 20:46,
2800,1,29/05/2012 20:48,
2800,8,29/05/2012 20:48,
2800,6,29/05/2012 21:05,
2801,1,29/05/2012 21:37,
2801,8,29/05/2012 23:04,
2801,9,29/05/2012 23:20,
2801,8,29/05/2012 23:22,
2801,6,29/05/2012 23:38,
2803,1,29/05/2012 23:38,
2803,8,29/05/2012 23:40,
2803,6,30/05/2012 00:01,
2821,1,30/05/2012 15:08,
2821,8,30/05/2012 15:16,
2821,6,30/05/2012 15:20,
2823,1,30/05/2012 16:15,
2823,8,30/05/2012 16:18,
2823,6,30/05/2012 17:18,
2830,1,30/05/2012 17:43,
2830,8,30/05/2012 18:44,
2830,6,30/05/2012 18:47,
2831,1,30/05/2012 18:48,
2831,8,30/05/2012 18:50,
2831,6,30/05/2012 19:01,
2833,1,30/05/2012 20:59,
2833,8,30/05/2012 21:25,
2833,9,30/05/2012 21:30,
2833,6,30/05/2012 21:41,
2836,1,30/05/2012 22:02,
2836,8,30/05/2012 22:02,
2836,6,30/05/2012 22:02,
2840,1,30/05/2012 22:02,
2840,8,30/05/2012 22:07,
2840,6,30/05/2012 22:23,
2841,1,30/05/2012 22:23,
2841,8,30/05/2012 22:35,
2841,6,30/05/2012 22:46,
2841,6,30/05/2012 22:50,
2844,1,30/05/2012 23:32,
2844,8,30/05/2012 23:38,
2844,6,31/05/2012 14:59,
2846,1,31/05/2012 15:13,
2846,8,31/05/2012 15:13,
2846,9,31/05/2012 15:46,
2846,6,31/05/2012 15:50,
2847,1,31/05/2012 15:50,
2847,8,31/05/2012 15:51,
2847,6,31/05/2012 15:58,
2854,1,31/05/2012 16:02,
2854,8,31/05/2012 16:04,
2854,6,31/05/2012 16:15,
2870,1,31/05/2012 16:24,
2870,8,31/05/2012 16:32,
2870,6,31/05/2012 16:32,
2875,1,31/05/2012 16:34,
2875,8,31/05/2012 16:49,
2875,9,31/05/2012 17:19,
2875,6,31/05/2012 17:25,
2876,1,31/05/2012 18:43,
2876,8,31/05/2012 20:12,
2876,6,31/05/2012 20:46,
2880,1,31/05/2012 20:47,
2880,8,31/05/2012 21:11,
2880,6,31/05/2012 21:18,
2883,1,31/05/2012 21:28,
2883,8,31/05/2012 22:44,
2883,6,31/05/2012 22:59,
2885,1,31/05/2012 23:27,
2885,8,31/05/2012 23:32,
2885,6,01/06/2012 00:25,
2886,1,01/06/2012 00:26,
2886,8,01/06/2012 15:02,
2886,6,01/06/2012 15:10,
2898,1,01/06/2012 15:11,
2898,8,01/06/2012 15:27,
2898,6,01/06/2012 15:31,
2898,8,01/06/2012 15:55,
2898,6,01/06/2012 16:18,
2899,1,01/06/2012 16:26,
2899,8,01/06/2012 17:11,
2899,6,01/06/2012 17:39,
2903,1,01/06/2012 17:39,
2903,8,01/06/2012 18:23,
2903,6,01/06/2012 18:32,
2904,1,01/06/2012 18:33,
2904,8,01/06/2012 18:38,
2904,9,01/06/2012 18:40,
2904,6,01/06/2012 18:41,
2904,6,01/06/2012 20:07,
2906,1,01/06/2012 20:40,
2906,8,01/06/2012 20:43,
2906,6,01/06/2012 20:48,
2907,1,01/06/2012 20:48,
2907,8,01/06/2012 21:00,
2907,6,01/06/2012 21:06,
2908,1,01/06/2012 21:07,
2908,8,01/06/2012 21:33,
2911,1,04/06/2012 15:52,
2911,8,04/06/2012 15:55,
2911,6,04/06/2012 15:56,
2913,1,04/06/2012 15:57,
2913,8,04/06/2012 16:19,
2913,6,04/06/2012 16:58,
2917,1,04/06/2012 16:59,
2917,8,04/06/2012 17:46,
2917,6,04/06/2012 17:46,
2917,6,04/06/2012 17:52,
2929,1,04/06/2012 18:49,
2929,8,04/06/2012 18:49,
2929,6,04/06/2012 18:49,
2930,1,04/06/2012 18:55,
2930,8,04/06/2012 18:55,
2930,6,04/06/2012 18:55,
2946,1,04/06/2012 20:10,
2946,8,04/06/2012 20:36,
2946,9,04/06/2012 21:18,
2946,6,04/06/2012 21:30,
2958,1,04/06/2012 22:40,
2958,8,04/06/2012 22:55,
2958,6,05/06/2012 14:58,
2960,1,05/06/2012 15:15,
2960,8,05/06/2012 15:32,
2960,6,05/06/2012 15:36,
2961,1,05/06/2012 15:51,
2961,8,05/06/2012 17:50,
2961,6,05/06/2012 17:50,
2969,1,05/06/2012 18:05,
2969,8,05/06/2012 18:31,
2969,6,05/06/2012 18:31,
2973,1,05/06/2012 20:16,
2973,8,05/06/2012 20:21,
2973,6,05/06/2012 20:23,
2974,1,05/06/2012 20:53,
2974,8,05/06/2012 20:57,
2974,6,05/06/2012 21:12,
2977,1,05/06/2012 21:12,
2977,8,05/06/2012 21:22,
2977,6,05/06/2012 23:11,
2978,1,05/06/2012 23:21,
2978,8,05/06/2012 23:26,
2978,9,05/06/2012 23:44,
2978,6,05/06/2012 23:47,
2985,1,05/06/2012 23:51,
2985,8,06/06/2012 15:01,
2985,8,06/06/2012 15:01,
2985,4,06/06/2012 15:02,
2985,6,06/06/2012 15:02,
2986,1,06/06/2012 15:03,
2986,8,06/06/2012 15:08,
2986,6,06/06/2012 15:16,
2987,1,06/06/2012 15:17,
2987,8,06/06/2012 15:17,
2987,6,06/06/2012 16:40,
2989,1,06/06/2012 16:51,
2989,8,06/06/2012 16:51,
2989,6,06/06/2012 17:20,
2996,1,06/06/2012 17:28,
2996,8,06/06/2012 17:37,
2996,6,06/06/2012 18:23,
3002,1,06/06/2012 20:06,
3002,8,06/06/2012 20:08,
3002,6,06/06/2012 20:08,
3007,1,06/06/2012 20:11,
3007,6,06/06/2012 20:39,
3007,6,06/06/2012 20:53,
3017,1,06/06/2012 21:12,
3017,8,06/06/2012 22:23,
3017,6,06/06/2012 22:44,
3019,1,06/06/2012 22:48,
3019,8,06/06/2012 22:54,
3019,6,06/06/2012 22:57,
3020,1,06/06/2012 22:57,
3020,8,06/06/2012 23:11,
3020,6,06/06/2012 23:11,
3023,1,06/06/2012 23:16,
3023,8,06/06/2012 23:16,
3023,6,06/06/2012 23:57,
3025,1,07/06/2012 15:09,
3025,8,07/06/2012 15:13,
3025,6,07/06/2012 15:33,
3027,1,07/06/2012 15:39,
3027,8,07/06/2012 15:42,
3027,6,07/06/2012 16:21,
3028,1,07/06/2012 16:22,
3028,8,07/06/2012 17:22,
3028,8,07/06/2012 18:14,
3028,9,07/06/2012 20:19,
3028,8,07/06/2012 20:28,
3028,6,07/06/2012 20:43,
3060,1,07/06/2012 21:27,
3060,8,07/06/2012 21:35,
3060,6,07/06/2012 21:41,
3064,1,07/06/2012 21:41,
3064,8,07/06/2012 22:10,
3064,6,07/06/2012 22:10,
3067,1,07/06/2012 22:20,
3067,8,07/06/2012 22:54,
3067,9,07/06/2012 23:07,
3067,6,07/06/2012 23:17,
3069,1,07/06/2012 23:17,
3069,8,07/06/2012 23:25,
3069,6,07/06/2012 23:31,
3071,1,07/06/2012 23:31,
3071,8,08/06/2012 14:47,
3071,2,08/06/2012 14:47,
3071,4,08/06/2012 15:10,
3071,6,08/06/2012 15:10,
3074,1,08/06/2012 15:13,
3074,8,08/06/2012 15:13,
3074,6,08/06/2012 15:35,
3075,1,08/06/2012 15:44,
3075,8,08/06/2012 16:03,
3075,6,08/06/2012 16:03,
3081,6,08/06/2012 16:08,
3081,8,08/06/2012 16:10,
3081,6,08/06/2012 16:14,
3083,1,08/06/2012 16:30,
3083,8,08/06/2012 17:06,
3083,9,08/06/2012 18:31,
3083,6,08/06/2012 18:32,
3092,1,08/06/2012 18:54,
3092,8,08/06/2012 20:10,
3092,6,08/06/2012 20:43,
3093,1,08/06/2012 20:49,
3093,8,08/06/2012 21:48,
3093,6,08/06/2012 23:51,
3094,8,11/06/2012 15:12,
3094,6,11/06/2012 18:37,
3095,1,11/06/2012 20:07,
3095,8,11/06/2012 20:07,
3095,6,11/06/2012 20:36,
3096,1,11/06/2012 20:37,
3096,8,11/06/2012 20:37,
3096,6,11/06/2012 20:58,
3097,1,11/06/2012 20:59,
3097,6,11/06/2012 21:00,
3106,1,11/06/2012 21:00,
3106,8,11/06/2012 21:21,
3106,6,12/06/2012 15:09,
3106,6,12/06/2012 15:15,
3107,1,12/06/2012 15:16,
3107,8,12/06/2012 15:31,
3107,6,12/06/2012 15:58,
3109,1,12/06/2012 16:17,
3109,8,12/06/2012 16:23,
3109,6,12/06/2012 16:32,
3111,1,12/06/2012 16:37,
3111,8,12/06/2012 17:18,
3111,6,12/06/2012 17:25,
3115,1,12/06/2012 17:25,
3115,8,12/06/2012 17:52,
3115,9,12/06/2012 17:55,
3115,6,12/06/2012 18:16,
3122,1,12/06/2012 18:43,
3122,8,12/06/2012 18:50,
3122,9,12/06/2012 18:59,
3122,6,12/06/2012 21:43,
3127,1,12/06/2012 21:48,
3127,8,12/06/2012 22:00,
3127,6,12/06/2012 22:00,
3129,1,12/06/2012 22:07,
3129,8,12/06/2012 22:09,
3129,6,12/06/2012 22:16,
3133,1,12/06/2012 22:27,
3133,8,12/06/2012 22:40,
3133,6,12/06/2012 22:40,
3134,1,12/06/2012 22:58,
3134,8,12/06/2012 23:14,
3134,6,12/06/2012 23:14,
3135,1,12/06/2012 23:17,
3135,8,12/06/2012 23:17,
3135,2,12/06/2012 23:20,
3135,6,13/06/2012 00:12,
3141,1,13/06/2012 15:21,
3141,8,13/06/2012 15:45,
3141,6,13/06/2012 15:47,
3141,6,13/06/2012 16:32,
3143,1,13/06/2012 16:33,
3143,8,13/06/2012 16:41,
3143,9,13/06/2012 16:42,
3143,6,13/06/2012 16:56,
3146,1,13/06/2012 18:27,
3146,8,13/06/2012 18:33,
3146,6,13/06/2012 18:34,
3157,1,13/06/2012 18:35,
3157,8,13/06/2012 18:53,
3157,9,13/06/2012 19:01,
3157,6,13/06/2012 19:06,
3158,1,13/06/2012 20:11,
3158,8,13/06/2012 20:17,
3158,6,13/06/2012 20:18,
3159,8,13/06/2012 20:58,
3159,8,13/06/2012 21:10,
3159,8,13/06/2012 21:12,
3159,6,13/06/2012 21:16,
3160,1,13/06/2012 21:55,
3160,8,13/06/2012 22:26,
3160,6,13/06/2012 23:01,
3161,1,13/06/2012 23:18,
3161,8,13/06/2012 23:19,
3161,6,14/06/2012 15:06,
3166,1,14/06/2012 15:07,
3166,8,14/06/2012 15:56,
3166,6,14/06/2012 16:21,
3171,1,14/06/2012 16:34,
3171,8,14/06/2012 17:45,
3171,6,14/06/2012 17:58,
3178,1,14/06/2012 18:04,
3178,6,14/06/2012 18:08,
3180,1,14/06/2012 18:36,
3180,8,14/06/2012 18:36,
3180,6,14/06/2012 18:59,
3182,1,14/06/2012 18:59,
3182,8,14/06/2012 19:06,
3182,9,14/06/2012 20:10,
3182,6,14/06/2012 20:45,
3188,1,14/06/2012 20:49,
3188,8,14/06/2012 20:49,
3188,6,14/06/2012 21:25,
3189,1,14/06/2012 21:25,
3189,8,14/06/2012 21:38,
3189,6,14/06/2012 21:38,
3190,1,14/06/2012 21:41,
3190,8,14/06/2012 21:51,
3190,6,14/06/2012 23:17,
3199,1,14/06/2012 23:50,
3199,8,14/06/2012 23:56,
3199,6,14/06/2012 23:58,
3204,1,15/06/2012 00:01,
3204,8,15/06/2012 14:56,
3204,6,15/06/2012 15:16,
3205,1,15/06/2012 15:27,
3205,8,15/06/2012 15:28,
3205,6,15/06/2012 15:28,
3206,1,15/06/2012 15:33,
3206,8,15/06/2012 15:51,
3206,6,15/06/2012 17:06,
3214,1,15/06/2012 17:23,
3214,8,15/06/2012 17:38,
3214,2,15/06/2012 17:49,
3214,6,15/06/2012 18:00,
3215,1,15/06/2012 18:51,
3215,8,15/06/2012 20:58,
3215,6,15/06/2012 22:49,
3221,1,15/06/2012 22:52,
3221,8,15/06/2012 22:58,
3221,6,15/06/2012 23:17,
3225,1,15/06/2012 23:19,
3225,8,15/06/2012 23:30,
3225,6,15/06/2012 23:30,
3236,1,15/06/2012 23:31,
3236,8,15/06/2012 23:31,
3236,6,15/06/2012 23:35,
3237,1,18/06/2012 15:21,
3237,8,18/06/2012 17:04,
3237,6,18/06/2012 17:42,
3240,1,18/06/2012 17:42,
3240,8,18/06/2012 18:01,
3240,6,18/06/2012 18:10,
3242,1,18/06/2012 18:10,
3242,6,18/06/2012 18:34,
3243,1,18/06/2012 18:44,
3243,8,18/06/2012 18:44,
3243,6,18/06/2012 18:46,
3245,1,18/06/2012 18:49,
3245,8,18/06/2012 19:03,
3245,6,18/06/2012 20:06,
3249,1,18/06/2012 20:15,
3249,8,18/06/2012 20:21,
3249,4,18/06/2012 20:22,
3249,4,18/06/2012 20:37,
3249,8,18/06/2012 21:16,
3249,6,18/06/2012 21:38,
3249,6,18/06/2012 21:39,
3255,1,18/06/2012 21:39,
3255,8,18/06/2012 21:39,
3255,6,18/06/2012 21:39,
3259,1,18/06/2012 21:40,
3259,8,18/06/2012 22:18,
3259,6,18/06/2012 22:46,
3260,1,18/06/2012 22:46,
3260,8,18/06/2012 22:47,
3260,6,18/06/2012 22:50,
3263,1,18/06/2012 23:21,
3263,8,19/06/2012 14:58,
3263,6,19/06/2012 15:27,
3264,1,19/06/2012 15:27,
3264,8,19/06/2012 15:41,
3264,9,19/06/2012 16:16,
3264,6,19/06/2012 16:16,
3269,1,19/06/2012 16:22,
3269,8,19/06/2012 17:45,
3269,6,19/06/2012 17:46,
3272,1,19/06/2012 18:30,
3272,8,19/06/2012 18:32,
3272,6,19/06/2012 18:42,
3275,1,19/06/2012 18:53,
3275,8,19/06/2012 18:54,
3275,6,19/06/2012 18:54,
3275,6,19/06/2012 18:58,
3281,1,19/06/2012 18:59,
3281,8,19/06/2012 19:01,
3281,6,19/06/2012 21:18,
3282,1,19/06/2012 21:18,
3282,8,19/06/2012 21:23,
3282,6,19/06/2012 22:09,
3282,6,19/06/2012 22:13,
3283,1,19/06/2012 23:52,
3283,8,19/06/2012 23:56,
3283,6,20/06/2012 15:10,
3285,1,20/06/2012 15:11,
3285,8,20/06/2012 15:11,
3285,6,20/06/2012 15:32,
3288,1,20/06/2012 15:46,
3288,8,20/06/2012 15:49,
3288,9,20/06/2012 15:49,
3288,6,20/06/2012 15:55,
3288,6,20/06/2012 15:55,
3290,1,20/06/2012 15:58,
3290,8,20/06/2012 16:09,
3290,6,20/06/2012 16:11,
3293,1,20/06/2012 16:33,
3293,6,20/06/2012 20:33,
3293,6,20/06/2012 20:33,
3297,1,20/06/2012 20:35,
3297,1,20/06/2012 20:35,
3297,6,20/06/2012 20:37,
3299,1,20/06/2012 20:38,
3299,8,20/06/2012 20:44,
3299,6,20/06/2012 21:45,
3300,1,20/06/2012 21:56,
3300,8,20/06/2012 22:04,
3300,6,20/06/2012 22:36,
3309,1,20/06/2012 23:05,
3309,8,20/06/2012 23:06,
3309,6,20/06/2012 23:13,
3309,6,20/06/2012 23:13,
3313,1,20/06/2012 23:16,
3313,8,20/06/2012 23:16,
3313,6,20/06/2012 23:40,
3317,1,20/06/2012 23:53,
3317,8,20/06/2012 23:54,
3317,6,21/06/2012 00:00,
3318,1,21/06/2012 15:35,
3318,8,21/06/2012 15:50,
3318,9,21/06/2012 15:54,
3318,6,21/06/2012 16:05,
3320,1,21/06/2012 16:09,
3320,8,21/06/2012 16:12,
3320,6,21/06/2012 16:20,
3325,1,21/06/2012 16:57,
3325,8,21/06/2012 17:27,
3325,2,21/06/2012 17:27,
3325,8,21/06/2012 17:40,
3325,9,21/06/2012 17:52,
3325,6,21/06/2012 20:50,
3335,1,21/06/2012 21:18,
3335,8,21/06/2012 21:18,
3335,9,21/06/2012 21:26,
3335,6,21/06/2012 21:29,
3339,1,21/06/2012 21:30,
3339,8,21/06/2012 21:30,
3339,6,21/06/2012 21:31,
3341,1,21/06/2012 21:37,
3341,8,21/06/2012 21:37,
3341,6,21/06/2012 22:32,
3342,1,22/06/2012 00:00,
3342,8,22/06/2012 16:02,
3342,9,22/06/2012 17:47,
3342,6,22/06/2012 18:08,
3343,8,22/06/2012 18:08,
3343,6,22/06/2012 21:55,
3348,1,22/06/2012 21:55,
3348,8,22/06/2012 22:06,
3348,9,22/06/2012 23:19,
3348,8,25/06/2012 15:53,
3348,9,25/06/2012 16:12,
3348,6,25/06/2012 16:41,
3352,1,25/06/2012 16:50,
3352,8,25/06/2012 16:52,
3352,6,25/06/2012 17:13,
3353,1,25/06/2012 17:15,
3353,8,25/06/2012 17:15,
3353,6,25/06/2012 17:19,
3364,1,25/06/2012 17:25,
3364,9,25/06/2012 17:35,
3364,9,25/06/2012 17:36,
3364,6,25/06/2012 17:55,
3367,1,25/06/2012 18:04,
3367,8,25/06/2012 18:06,
3367,6,25/06/2012 18:27,
3367,6,25/06/2012 18:34,
3371,1,25/06/2012 20:03,
3371,8,25/06/2012 20:25,
3371,9,25/06/2012 20:26,
3371,6,25/06/2012 20:40,
3374,1,25/06/2012 20:56,
3374,8,25/06/2012 22:08,
3374,6,25/06/2012 22:19,
3375,1,25/06/2012 23:30,
3375,8,25/06/2012 23:38,
3375,6,25/06/2012 23:38,
3377,1,26/06/2012 15:01,
3377,8,26/06/2012 15:05,
3377,6,26/06/2012 15:06,
3381,1,26/06/2012 15:40,
3381,8,26/06/2012 16:04,
3381,6,26/06/2012 16:10,
3383,1,26/06/2012 16:10,
3383,8,26/06/2012 16:11,
3383,6,26/06/2012 16:43,
3387,1,26/06/2012 16:44,
3387,8,26/06/2012 16:46,
3387,6,26/06/2012 16:47,
3391,1,26/06/2012 17:03,
3391,8,26/06/2012 18:08,
3391,8,26/06/2012 18:28,
3391,6,26/06/2012 18:29,
3393,1,26/06/2012 18:30,
3393,8,26/06/2012 18:31,
3393,6,26/06/2012 19:58,
3394,1,26/06/2012 20:20,
3394,8,26/06/2012 21:05,
3394,6,26/06/2012 21:14,
3395,1,26/06/2012 21:14,
3395,8,26/06/2012 21:36,
3395,6,26/06/2012 21:38,
3399,1,26/06/2012 22:13,
3399,8,26/06/2012 22:50,
3399,6,26/06/2012 23:10,
3401,1,26/06/2012 23:24,
3401,8,27/06/2012 15:38,
3401,6,27/06/2012 15:44,
3401,6,27/06/2012 15:44,
3404,1,27/06/2012 15:44,
3404,8,27/06/2012 15:55,
3404,6,27/06/2012 15:56,
3406,1,27/06/2012 16:07,
3406,8,27/06/2012 23:03,
3406,9,27/06/2012 23:03,
3406,6,28/06/2012 00:13,
3407,1,28/06/2012 15:03,
3407,8,28/06/2012 15:03,
3407,6,28/06/2012 15:31,
3408,1,28/06/2012 15:35,
3408,8,28/06/2012 16:01,
3408,9,28/06/2012 16:01,
3408,6,28/06/2012 16:42,
3410,1,28/06/2012 16:50,
3410,8,28/06/2012 16:55,
3410,2,28/06/2012 16:58,
3410,6,28/06/2012 16:58,
3413,1,28/06/2012 17:24,
3413,8,28/06/2012 17:30,
3413,9,28/06/2012 17:52,
3413,6,28/06/2012 17:55,
3416,1,28/06/2012 18:12,
3416,6,28/06/2012 18:14,
3417,1,28/06/2012 18:33,
3417,8,28/06/2012 18:33,
3417,6,28/06/2012 18:50,
3422,1,28/06/2012 18:53,
3422,8,28/06/2012 18:55,
3422,6,28/06/2012 18:55,
3425,1,28/06/2012 18:56,
3425,8,28/06/2012 18:56,
3425,6,28/06/2012 20:24,
3426,1,28/06/2012 20:25,
3426,8,28/06/2012 20:57,
3426,6,28/06/2012 21:37,
3427,1,28/06/2012 22:03,
3427,8,28/06/2012 23:40,
3427,6,28/06/2012 23:43,
3428,1,29/06/2012 00:30,
3428,8,29/06/2012 00:30,
3428,6,29/06/2012 15:02,
3430,1,29/06/2012 15:49,
3430,8,29/06/2012 15:54,
3430,6,29/06/2012 15:56,
3432,1,29/06/2012 16:14,
3432,8,29/06/2012 16:15,
3432,9,29/06/2012 16:16,
3432,6,29/06/2012 16:30,
3434,1,29/06/2012 18:04,
3434,8,29/06/2012 18:27,
3434,9,29/06/2012 18:31,
3434,8,29/06/2012 18:59,
3434,6,29/06/2012 20:50,
3438,1,29/06/2012 20:57,
3438,8,29/06/2012 21:00,
3438,6,29/06/2012 21:10,
3446,1,29/06/2012 21:27,
3446,8,29/06/2012 21:31,
3446,6,29/06/2012 22:28,
3456,1,29/06/2012 22:35,
3456,1,29/06/2012 23:31,
3456,1,02/07/2012 15:03,
3456,8,02/07/2012 15:35,
3456,6,02/07/2012 16:30,
3461,1,02/07/2012 17:40,
3461,8,02/07/2012 17:41,
3461,6,02/07/2012 17:44,
3466,1,02/07/2012 18:41,
3466,8,02/07/2012 19:00,
3466,6,02/07/2012 19:00,
3467,1,02/07/2012 19:01,
3467,8,02/07/2012 21:18,
3467,6,02/07/2012 23:40,
3467,8,02/07/2012 23:44,
3467,6,03/07/2012 05:45,
3468,1,03/07/2012 15:25,
3468,1,03/07/2012 15:25,
3468,8,03/07/2012 15:43,
3468,6,03/07/2012 15:44,
3469,1,03/07/2012 15:45,
3469,8,03/07/2012 16:04,
3469,6,03/07/2012 16:20,
3473,1,03/07/2012 16:55,
3473,8,03/07/2012 18:21,
3473,6,03/07/2012 18:38,
3474,1,03/07/2012 18:42,
3474,8,03/07/2012 18:50,
3474,6,03/07/2012 21:54,
3477,1,03/07/2012 21:54,
3477,8,03/07/2012 22:03,
3477,6,03/07/2012 22:03,
3480,1,03/07/2012 22:46,
3480,6,03/07/2012 22:46,
3483,1,03/07/2012 23:15,
3483,8,04/07/2012 00:04,
3483,6,04/07/2012 15:01,
3485,1,04/07/2012 15:10,
3485,8,04/07/2012 15:10,
3485,6,04/07/2012 15:12,
3485,6,04/07/2012 15:37,
3486,1,04/07/2012 16:14,
3486,8,04/07/2012 16:19,
3486,9,04/07/2012 16:19,
3486,6,04/07/2012 16:24,
3491,1,04/07/2012 16:24,
3491,6,04/07/2012 17:05,
3495,1,04/07/2012 17:05,
3495,8,04/07/2012 17:10,
3495,6,04/07/2012 17:42,
3497,1,04/07/2012 20:47,
3497,8,04/07/2012 20:47,
3497,6,04/07/2012 22:54,
3501,1,04/07/2012 23:06,
3501,8,05/07/2012 15:43,
3501,6,05/07/2012 15:49,
3503,1,05/07/2012 16:30,
3503,8,05/07/2012 16:53,
3503,6,05/07/2012 17:23,
3511,1,05/07/2012 17:25,
3511,8,05/07/2012 17:44,
3511,6,05/07/2012 17:44,
3520,1,05/07/2012 20:16,
3520,8,05/07/2012 20:20,
3520,6,05/07/2012 21:33,
3521,1,05/07/2012 21:33,
3521,8,05/07/2012 21:39,
3521,6,05/07/2012 21:39,
3525,1,06/07/2012 15:03,
3525,8,06/07/2012 15:14,
3525,9,06/07/2012 15:20,
3525,6,06/07/2012 15:22,
3531,1,06/07/2012 16:50,
3531,8,06/07/2012 18:16,
3531,9,06/07/2012 18:20,
3531,6,06/07/2012 21:16,
3536,1,06/07/2012 22:00,
3536,8,06/07/2012 22:12,
3536,6,06/07/2012 22:59,
3547,1,09/07/2012 15:08,
3547,8,09/07/2012 15:08,
3547,6,09/07/2012 15:57,
3556,1,09/07/2012 16:14,
3556,8,09/07/2012 17:04,
3556,6,09/07/2012 17:04,
3558,1,09/07/2012 17:39,
3558,8,09/07/2012 17:56,
3558,6,09/07/2012 17:56,
3560,1,09/07/2012 18:03,
3560,8,09/07/2012 18:23,
3560,6,09/07/2012 18:59,
3561,1,09/07/2012 19:00,
3561,8,09/07/2012 20:29,
3561,9,09/07/2012 20:30,
3561,6,09/07/2012 20:33,
3564,1,09/07/2012 21:21,
3564,8,09/07/2012 22:27,
3564,6,09/07/2012 22:36,
3572,8,09/07/2012 23:11,
3572,6,09/07/2012 23:14,
3581,1,09/07/2012 23:44,
3581,8,10/07/2012 15:16,
3581,6,10/07/2012 15:21,
3585,1,10/07/2012 15:23,
3585,8,10/07/2012 15:24,
3585,6,10/07/2012 15:46,
3588,1,10/07/2012 16:59,
3588,8,10/07/2012 17:04,
3588,6,10/07/2012 17:22,
3591,1,10/07/2012 17:22,
3591,8,10/07/2012 17:28,
3591,6,10/07/2012 17:31,
3604,1,10/07/2012 18:36,
3604,8,10/07/2012 18:42,
3604,9,10/07/2012 18:42,
3604,6,10/07/2012 18:42,
3618,1,10/07/2012 18:43,
3618,8,10/07/2012 19:16,
3618,6,10/07/2012 21:13,
3620,1,10/07/2012 21:20,
3620,6,10/07/2012 21:38,
3629,1,10/07/2012 21:49,
3629,8,10/07/2012 22:39,
3629,6,10/07/2012 22:42,
3632,1,10/07/2012 22:42,
3632,8,10/07/2012 23:38,
3632,6,10/07/2012 23:48,
3633,1,11/07/2012 15:09,
3633,8,11/07/2012 15:31,
3633,6,11/07/2012 16:28,
3635,1,11/07/2012 16:36,
3635,8,11/07/2012 17:03,
3635,6,11/07/2012 17:10,
3637,1,11/07/2012 18:22,
3637,8,11/07/2012 18:24,
3637,9,11/07/2012 18:39,
3637,6,11/07/2012 20:25,
3638,1,11/07/2012 20:45,
3638,8,11/07/2012 20:54,
3638,6,11/07/2012 22:28,
3640,1,11/07/2012 22:46,
3640,8,11/07/2012 22:48,
3640,6,11/07/2012 22:48,
3646,1,11/07/2012 22:50,
3646,8,11/07/2012 22:51,
3646,8,11/07/2012 23:24,
3646,6,11/07/2012 23:24,
3647,1,11/07/2012 23:35,
3647,8,11/07/2012 23:41,
3647,6,11/07/2012 23:41,
3654,1,12/07/2012 14:59,
3654,8,12/07/2012 15:07,
3654,6,12/07/2012 15:12,
3657,1,12/07/2012 16:03,
3657,8,12/07/2012 16:10,
3657,6,12/07/2012 16:25,
3658,1,12/07/2012 16:25,
3658,8,12/07/2012 16:45,
3658,9,12/07/2012 16:47,
3658,6,12/07/2012 16:49,
3659,1,12/07/2012 16:51,
3659,8,12/07/2012 16:53,
3659,6,12/07/2012 17:22,
3660,1,12/07/2012 17:30,
3660,8,12/07/2012 17:30,
3660,6,12/07/2012 21:22,
3661,1,12/07/2012 21:28,
3661,8,12/07/2012 21:31,
3661,6,12/07/2012 21:58,
3664,1,12/07/2012 22:55,
3664,8,13/07/2012 16:20,
3664,6,13/07/2012 16:48,
3665,1,13/07/2012 16:52,
3665,8,13/07/2012 18:32,
3665,9,13/07/2012 21:17,
3665,6,13/07/2012 21:19,
3667,1,13/07/2012 21:25,
3667,8,13/07/2012 21:25,
3667,6,13/07/2012 21:26,
3675,1,13/07/2012 21:46,
3675,8,13/07/2012 21:48,
3675,6,13/07/2012 21:49,
3679,8,16/07/2012 14:58,
3679,6,16/07/2012 15:02,
3683,1,16/07/2012 15:02,
3683,8,16/07/2012 15:32,
3683,6,16/07/2012 15:41,
3698,8,16/07/2012 15:53,
3698,9,16/07/2012 16:04,
3698,6,16/07/2012 16:05,
3699,1,16/07/2012 16:17,
3699,8,16/07/2012 16:29,
3699,6,16/07/2012 16:32,
3700,1,16/07/2012 17:52,
3700,8,16/07/2012 18:05,
3700,6,16/07/2012 18:11,
3707,1,16/07/2012 18:12,
3707,8,16/07/2012 18:15,
3707,6,16/07/2012 18:15,
3712,1,16/07/2012 18:48,
3712,8,16/07/2012 21:23,
3712,6,16/07/2012 21:24,
3713,1,16/07/2012 21:37,
3713,8,16/07/2012 21:45,
3713,6,16/07/2012 21:45,
3715,1,16/07/2012 22:00,
3715,8,16/07/2012 22:00,
3715,6,16/07/2012 22:28,
3718,1,17/07/2012 15:15,
3718,8,17/07/2012 15:22,
3718,6,17/07/2012 15:22,
3718,8,17/07/2012 15:24,
3718,9,17/07/2012 15:54,
3718,6,17/07/2012 16:16,
3726,1,17/07/2012 16:52,
3726,8,17/07/2012 17:04,
3726,6,17/07/2012 17:05,
3727,1,17/07/2012 18:39,
3727,8,17/07/2012 18:39,
3727,6,17/07/2012 18:41,
3731,1,17/07/2012 18:43,
3731,8,17/07/2012 18:44,
3731,6,17/07/2012 18:44,
3736,8,17/07/2012 18:48,
3736,6,17/07/2012 20:46,
3737,1,17/07/2012 20:47,
3737,8,17/07/2012 20:52,
3737,6,17/07/2012 21:05,
3738,1,17/07/2012 21:13,
3738,8,17/07/2012 21:16,
3738,6,17/07/2012 21:22,
3741,1,17/07/2012 21:49,
3741,8,17/07/2012 22:05,
3741,6,17/07/2012 22:20,
3747,1,17/07/2012 23:31,
3747,8,17/07/2012 23:31,
3747,6,17/07/2012 23:38,
3751,1,18/07/2012 15:01,
3751,8,18/07/2012 15:05,
3751,6,18/07/2012 15:05,
3753,1,18/07/2012 15:09,
3753,8,18/07/2012 15:24,
3753,6,18/07/2012 15:37,
3760,1,18/07/2012 16:05,
3760,6,18/07/2012 16:06,
3763,1,18/07/2012 16:23,
3763,8,18/07/2012 16:23,
3763,6,18/07/2012 16:23,
3764,1,18/07/2012 17:00,
3764,8,18/07/2012 18:27,
3764,6,18/07/2012 18:29,
3765,1,18/07/2012 18:53,
3765,8,18/07/2012 18:56,
3765,6,18/07/2012 18:59,
3769,1,18/07/2012 20:02,
3769,8,18/07/2012 20:02,
3769,6,18/07/2012 20:24,
3772,1,18/07/2012 20:44,
3772,8,18/07/2012 21:11,
3772,6,18/07/2012 21:15,
3772,8,18/07/2012 21:16,
3772,6,18/07/2012 21:17,
3773,1,18/07/2012 21:29,
3773,8,18/07/2012 22:00,
3773,6,18/07/2012 22:04,
3774,1,18/07/2012 22:19,
3774,8,18/07/2012 22:57,
3774,9,18/07/2012 22:58,
3774,6,18/07/2012 22:58,
3777,1,18/07/2012 22:59,
3777,8,18/07/2012 22:59,
3777,6,18/07/2012 23:08,
3779,1,18/07/2012 23:10,
3779,8,18/07/2012 23:14,
3779,4,18/07/2012 23:21,
3779,4,18/07/2012 23:43,
3779,4,18/07/2012 23:44,
3779,6,18/07/2012 23:54,
3781,8,19/07/2012 14:48,
3781,6,19/07/2012 14:56,
3783,1,19/07/2012 15:10,
3783,8,19/07/2012 15:13,
3783,6,19/07/2012 15:14,
3785,1,19/07/2012 15:20,
3785,8,19/07/2012 15:24,
3785,6,19/07/2012 15:32,
3786,1,19/07/2012 15:32,
3786,8,19/07/2012 16:25,
3786,6,19/07/2012 17:04,
3789,1,19/07/2012 17:05,
3789,8,19/07/2012 17:35,
3789,9,19/07/2012 18:33,
3789,8,19/07/2012 18:45,
3789,6,19/07/2012 18:51,
3793,1,19/07/2012 18:55,
3793,8,19/07/2012 18:59,
3793,9,19/07/2012 19:01,
3793,6,19/07/2012 20:10,
3794,1,19/07/2012 20:10,
3794,8,19/07/2012 22:24,
3794,6,19/07/2012 22:53,
3797,1,19/07/2012 23:09,
3797,8,19/07/2012 23:09,
3797,9,19/07/2012 23:51,
3797,8,19/07/2012 23:51,
3797,6,19/07/2012 23:57,
3799,1,20/07/2012 00:00,
3799,8,20/07/2012 00:00,
3799,6,20/07/2012 00:03,
3800,1,20/07/2012 15:01,
3800,8,20/07/2012 15:23,
3800,9,20/07/2012 15:52,
3800,6,20/07/2012 16:01,
3801,1,20/07/2012 16:02,
3801,8,20/07/2012 16:09,
3801,6,20/07/2012 16:49,
3804,1,20/07/2012 16:51,
3804,8,20/07/2012 17:08,
3804,9,20/07/2012 17:59,
3804,8,20/07/2012 18:02,
3804,9,20/07/2012 18:07,
3804,6,20/07/2012 18:07,
3807,1,20/07/2012 18:11,
3807,8,20/07/2012 18:15,
3807,9,20/07/2012 18:17,
3807,6,20/07/2012 18:17,
3811,1,20/07/2012 18:19,
3811,8,20/07/2012 18:23,
3811,6,20/07/2012 18:23,
3814,1,20/07/2012 18:25,
3814,8,20/07/2012 18:26,
3814,6,20/07/2012 20:37,
3820,1,20/07/2012 21:17,
3820,8,20/07/2012 22:06,
3820,6,20/07/2012 22:19,
3820,6,20/07/2012 22:44,
3821,1,20/07/2012 23:10,
3821,8,20/07/2012 23:36,
3821,6,23/07/2012 15:00,
3825,1,23/07/2012 15:14,
3825,8,23/07/2012 15:24,
3825,6,23/07/2012 15:28,
3828,1,23/07/2012 15:30,
3828,8,23/07/2012 15:31,
3828,9,23/07/2012 15:49,
3828,8,23/07/2012 15:49,
3828,9,23/07/2012 15:52,
3828,6,23/07/2012 16:07,
3829,1,23/07/2012 16:21,
3829,8,23/07/2012 16:29,
3829,6,23/07/2012 16:33,
3842,1,23/07/2012 16:48,
3842,8,23/07/2012 16:51,
3842,6,23/07/2012 16:57,
3844,1,23/07/2012 18:05,
3844,8,23/07/2012 18:10,
3844,6,23/07/2012 18:11,
3845,1,23/07/2012 18:14,
3845,8,23/07/2012 18:15,
3845,6,23/07/2012 18:20,
3845,6,23/07/2012 18:21,
3847,1,23/07/2012 19:01,
3847,8,23/07/2012 19:04,
3847,9,23/07/2012 20:09,
3847,6,23/07/2012 20:41,
3853,1,23/07/2012 20:56,
3853,8,23/07/2012 21:52,
3853,6,23/07/2012 22:02,
3854,1,23/07/2012 22:08,
3854,6,23/07/2012 22:21,
3859,1,23/07/2012 22:27,
3859,8,23/07/2012 22:27,
3859,6,23/07/2012 23:01,
3861,1,23/07/2012 23:04,
3861,8,23/07/2012 23:34,
3861,9,23/07/2012 23:34,
3861,6,24/07/2012 15:13,
3862,1,24/07/2012 15:18,
3862,8,24/07/2012 15:22,
3862,6,24/07/2012 15:42,
3864,1,24/07/2012 15:43,
3864,8,24/07/2012 16:11,
3864,6,24/07/2012 16:12,
3869,1,24/07/2012 17:31,
3869,8,24/07/2012 17:38,
3869,9,24/07/2012 17:43,
3869,6,24/07/2012 17:44,
3870,1,24/07/2012 20:13,
3870,6,24/07/2012 20:15,
3871,1,24/07/2012 21:35,
3871,8,24/07/2012 21:50,
3871,6,24/07/2012 22:28,
3878,1,24/07/2012 22:31,
3878,8,24/07/2012 22:39,
3878,6,24/07/2012 22:56,
3879,1,24/07/2012 23:05,
3879,8,24/07/2012 23:10,
3879,6,24/07/2012 23:24,
3889,1,24/07/2012 23:29,
3889,8,24/07/2012 23:33,
3889,6,24/07/2012 23:35,
3891,1,24/07/2012 23:37,
3891,8,24/07/2012 23:42,
3891,6,24/07/2012 23:44,
3897,1,25/07/2012 15:02,
3897,8,25/07/2012 15:22,
3897,4,25/07/2012 15:29,
3897,2,25/07/2012 15:59,
3897,6,25/07/2012 16:23,
3898,1,25/07/2012 16:23,
3898,8,25/07/2012 16:28,
3898,6,25/07/2012 16:29,
3900,1,25/07/2012 16:45,
3900,8,25/07/2012 17:34,
3900,6,25/07/2012 20:14,
3902,1,25/07/2012 20:23,
3902,8,25/07/2012 20:44,
3902,6,25/07/2012 20:47,
3904,1,25/07/2012 20:52,
3904,8,25/07/2012 20:53,
3904,9,25/07/2012 21:32,
3904,6,25/07/2012 21:33,
3907,1,25/07/2012 21:38,
3907,8,25/07/2012 21:53,
3907,6,25/07/2012 22:29,
3909,1,25/07/2012 22:47,
3909,8,25/07/2012 22:47,
3909,9,25/07/2012 22:47,
3909,6,25/07/2012 23:15,
3922,1,25/07/2012 23:31,
3922,8,25/07/2012 23:34,
3922,6,25/07/2012 23:36,
3927,1,25/07/2012 23:38,
3927,8,25/07/2012 23:40,
3927,6,25/07/2012 23:49,
3933,1,25/07/2012 23:52,
3933,8,26/07/2012 15:00,
3933,6,26/07/2012 15:12,
3938,1,26/07/2012 15:13,
3938,8,26/07/2012 15:14,
3938,6,26/07/2012 15:18,
3939,1,26/07/2012 16:16,
3939,8,26/07/2012 17:51,
3939,6,26/07/2012 18:00,
3943,1,26/07/2012 18:03,
3943,8,26/07/2012 18:06,
3943,6,26/07/2012 18:09,
3944,1,26/07/2012 18:16,
3944,8,26/07/2012 18:19,
3944,6,26/07/2012 18:21,
3945,1,26/07/2012 18:22,
3945,8,26/07/2012 18:30,
3945,6,26/07/2012 18:32,
3948,1,26/07/2012 18:42,
3948,8,26/07/2012 18:42,
3948,9,26/07/2012 18:44,
3948,6,26/07/2012 18:45,
3953,1,26/07/2012 18:48,
3953,8,26/07/2012 18:50,
3953,6,26/07/2012 18:50,
3955,1,26/07/2012 18:51,
3955,8,26/07/2012 18:51,
3955,6,26/07/2012 19:28,
3961,1,26/07/2012 19:29,
3961,1,26/07/2012 20:10,
3961,8,26/07/2012 20:10,
3961,6,26/07/2012 20:21,
3964,1,26/07/2012 20:25,
3964,8,26/07/2012 20:26,
3964,6,26/07/2012 20:27,
3970,1,26/07/2012 20:36,
3970,8,26/07/2012 21:22,
3970,6,26/07/2012 21:23,
3971,1,26/07/2012 22:18,
3971,8,26/07/2012 22:18,
3971,6,26/07/2012 22:41,
3979,1,26/07/2012 22:54,
3979,8,26/07/2012 23:13,
3979,6,26/07/2012 23:14,
3986,1,26/07/2012 23:15,
3986,8,26/07/2012 23:18,
3986,6,26/07/2012 23:18,
3989,1,26/07/2012 23:23,
3989,8,26/07/2012 23:24,
3989,6,26/07/2012 23:24,
3995,1,26/07/2012 23:27,
3995,8,26/07/2012 23:31,
3995,9,26/07/2012 23:32,
3995,6,26/07/2012 23:34,
3999,1,26/07/2012 23:47,
3999,8,27/07/2012 00:00,
3999,6,27/07/2012 00:15,
4001,1,27/07/2012 15:05,
4001,8,27/07/2012 15:10,
4001,6,27/07/2012 16:36,
4007,1,27/07/2012 16:39,
4007,8,27/07/2012 16:54,
4007,9,27/07/2012 17:07,
4007,6,27/07/2012 17:12,
4010,1,27/07/2012 18:22,
4010,8,27/07/2012 18:24,
4010,6,27/07/2012 18:46,
4010,6,27/07/2012 18:49,
4012,1,27/07/2012 18:54,
4012,1,27/07/2012 18:54,
4012,8,27/07/2012 18:54,
4012,9,27/07/2012 18:55,
4012,8,27/07/2012 21:07,
4012,9,27/07/2012 21:09,
4012,6,27/07/2012 21:10,
4013,1,27/07/2012 21:12,
4013,8,27/07/2012 21:15,
4013,6,27/07/2012 21:18,
4015,1,27/07/2012 21:45,
4015,8,27/07/2012 21:59,
4015,6,27/07/2012 22:02,
4027,1,27/07/2012 22:35,
4027,8,27/07/2012 22:39,
4027,6,27/07/2012 22:50,
4029,1,27/07/2012 22:52,
4029,8,27/07/2012 23:34,
4029,6,27/07/2012 23:47,
4030,1,27/07/2012 23:53,
4030,8,27/07/2012 23:53,
4030,6,27/07/2012 23:53,
4032,1,30/07/2012 15:06,
4032,9,30/07/2012 15:07,
4032,6,30/07/2012 15:49,
4034,1,30/07/2012 15:52,
4034,8,30/07/2012 16:06,
4034,9,30/07/2012 16:07,
4034,6,30/07/2012 16:09,
4041,1,30/07/2012 16:09,
4041,8,30/07/2012 16:13,
4041,6,30/07/2012 16:24,
4046,1,30/07/2012 16:24,
4046,8,30/07/2012 16:46,
4046,6,30/07/2012 16:48,
4048,1,30/07/2012 17:39,
4048,8,30/07/2012 17:46,
4048,6,30/07/2012 17:52,
4051,1,30/07/2012 18:06,
4051,8,30/07/2012 18:07,
4051,6,30/07/2012 18:07,
4053,1,30/07/2012 18:33,
4053,1,30/07/2012 18:53,
4053,8,30/07/2012 18:55,
4053,6,30/07/2012 18:55,
4054,1,30/07/2012 18:55,
4054,8,30/07/2012 20:07,
4054,6,30/07/2012 20:29,
4055,1,30/07/2012 20:51,
4055,8,30/07/2012 21:14,
4055,6,30/07/2012 21:28,
4060,1,30/07/2012 22:07,
4060,8,30/07/2012 22:08,
4060,9,30/07/2012 22:09,
4060,6,30/07/2012 23:00,
4061,1,30/07/2012 23:00,
4061,8,30/07/2012 23:03,
4061,6,30/07/2012 23:20,
4064,1,30/07/2012 23:42,
4064,8,30/07/2012 23:45,
4064,9,31/07/2012 15:20,
4064,6,31/07/2012 15:20,
4068,1,31/07/2012 15:21,
4068,8,31/07/2012 15:21,
4068,6,31/07/2012 15:23,
4071,1,31/07/2012 15:31,
4071,8,31/07/2012 15:56,
4071,6,31/07/2012 16:14,
4076,1,31/07/2012 16:40,
4076,8,31/07/2012 16:58,
4076,6,31/07/2012 17:01,
4082,1,31/07/2012 17:03,
4082,8,31/07/2012 17:29,
4082,4,31/07/2012 18:05,
4082,6,31/07/2012 18:24,
4086,1,31/07/2012 18:59,
4086,8,31/07/2012 20:08,
4086,9,31/07/2012 20:09,
4086,6,31/07/2012 20:14,
4087,1,31/07/2012 21:02,
4087,8,31/07/2012 21:02,
4087,9,31/07/2012 21:05,
4087,6,31/07/2012 21:07,
4090,1,31/07/2012 21:37,
4090,8,31/07/2012 21:48,
4090,6,31/07/2012 22:33,
4093,1,31/07/2012 22:35,
4093,8,31/07/2012 22:36,
4093,6,31/07/2012 22:40,
4096,1,31/07/2012 22:41,
4096,8,31/07/2012 22:43,
4096,6,31/07/2012 22:44,
4106,1,31/07/2012 22:45,
4106,8,31/07/2012 22:49,
4106,6,31/07/2012 22:50,
4115,1,31/07/2012 23:11,
4115,8,31/07/2012 23:11,
4115,6,31/07/2012 23:14,
4116,1,31/07/2012 23:15,
4116,8,31/07/2012 23:22,
4116,6,31/07/2012 23:22,
4118,1,31/07/2012 23:23,
4118,8,31/07/2012 23:24,
4118,6,31/07/2012 23:24,
4119,1,31/07/2012 23:24,
4119,8,31/07/2012 23:24,
4119,6,31/07/2012 23:53,
4120,1,01/08/2012 00:04,
4120,8,01/08/2012 00:08,
4120,6,01/08/2012 15:06,
4121,1,01/08/2012 15:06,
4121,8,01/08/2012 15:17,
4121,9,01/08/2012 15:35,
4121,6,02/08/2012 16:22,
4129,1,02/08/2012 16:22,
4129,8,02/08/2012 16:37,
4129,6,02/08/2012 16:59,
4131,1,02/08/2012 17:01,
4131,8,02/08/2012 17:02,
4131,6,02/08/2012 17:04,
4135,1,02/08/2012 17:10,
4135,8,02/08/2012 17:12,
4135,6,02/08/2012 17:14,
4136,1,02/08/2012 17:14,
4136,8,02/08/2012 17:16,
4136,6,02/08/2012 17:22,
4142,1,02/08/2012 17:26,
4142,8,02/08/2012 17:27,
4142,9,02/08/2012 17:31,
4142,6,02/08/2012 17:47,
4151,1,02/08/2012 18:02,
4151,8,02/08/2012 18:05,
4151,6,02/08/2012 18:54,
4155,1,02/08/2012 18:57,
4155,8,02/08/2012 18:58,
4155,9,02/08/2012 20:08,
4155,6,02/08/2012 20:11,
4158,1,02/08/2012 20:13,
4158,8,02/08/2012 20:24,
4158,6,02/08/2012 20:32,
4159,1,02/08/2012 20:43,
4159,8,02/08/2012 20:49,
4159,6,02/08/2012 20:56,
4162,1,02/08/2012 20:57,
4162,8,02/08/2012 21:03,
4162,6,02/08/2012 21:27,
4166,1,02/08/2012 21:52,
4166,8,02/08/2012 22:52,
4166,9,02/08/2012 22:58,
4166,6,02/08/2012 23:00,
4170,1,02/08/2012 23:05,
4170,8,02/08/2012 23:11,
4170,6,02/08/2012 23:12,
4173,1,02/08/2012 23:14,
4173,8,02/08/2012 23:24,
4173,6,02/08/2012 23:25,
4180,1,02/08/2012 23:27,
4180,8,03/08/2012 00:07,
4180,6,03/08/2012 15:04,
4181,1,03/08/2012 15:12,
4181,8,03/08/2012 15:13,
4181,9,03/08/2012 15:15,
4181,8,03/08/2012 15:17,
4181,6,03/08/2012 15:26,
4189,1,03/08/2012 15:28,
4189,8,03/08/2012 15:49,
4189,6,03/08/2012 15:58,
4191,1,03/08/2012 16:14,
4191,6,03/08/2012 16:24,
4191,6,03/08/2012 17:48,
4193,1,03/08/2012 18:41,
4193,8,03/08/2012 18:43,
4193,6,03/08/2012 18:51,
4198,1,03/08/2012 18:59,
4198,8,03/08/2012 20:03,
4198,6,03/08/2012 20:11,
4201,1,03/08/2012 20:12,
4201,8,03/08/2012 20:14,
4201,6,03/08/2012 20:23,
4202,1,03/08/2012 20:25,
4202,8,03/08/2012 20:39,
4202,6,03/08/2012 20:39,
4205,1,03/08/2012 20:44,
4205,8,03/08/2012 20:56,
4205,6,03/08/2012 21:01,
4208,1,03/08/2012 21:19,
4208,8,03/08/2012 21:20,
4208,6,03/08/2012 21:42,
4211,1,03/08/2012 21:51,
4211,8,03/08/2012 22:23,
4211,6,03/08/2012 22:26,
4214,1,03/08/2012 23:41,
4214,8,03/08/2012 23:41,
4214,6,03/08/2012 23:42,
4215,1,06/08/2012 15:45,
4215,6,06/08/2012 16:21,
4216,1,06/08/2012 16:30,
4216,8,06/08/2012 16:32,
4216,6,06/08/2012 16:32,
4221,1,06/08/2012 16:44,
4221,8,06/08/2012 16:50,
4221,9,06/08/2012 16:58,
4221,6,06/08/2012 17:01,
4222,1,06/08/2012 17:39,
4222,8,06/08/2012 18:51,
4222,9,06/08/2012 18:59,
4222,6,06/08/2012 20:22,
4230,1,06/08/2012 20:22,
4230,8,06/08/2012 20:26,
4230,9,07/08/2012 15:40,
4230,6,07/08/2012 16:22,
4233,1,07/08/2012 16:23,
4233,8,07/08/2012 16:54,
4233,6,07/08/2012 16:58,
4238,1,07/08/2012 17:00,
4238,8,07/08/2012 17:02,
4238,6,07/08/2012 17:48,
4240,1,07/08/2012 17:48,
4240,8,07/08/2012 18:01,
4240,6,07/08/2012 18:06,
4249,1,07/08/2012 18:53,
4249,8,07/08/2012 18:53,
4249,6,07/08/2012 18:59,
4251,1,07/08/2012 20:34,
4251,8,07/08/2012 20:54,
4251,6,07/08/2012 20:54,
4251,6,07/08/2012 22:57,
4254,1,07/08/2012 23:01,
4254,8,07/08/2012 23:52,
4254,9,07/08/2012 23:57,
4254,6,08/08/2012 15:26,
4260,1,08/08/2012 15:29,
4260,8,08/08/2012 16:00,
4260,6,08/08/2012 16:01,
4262,1,08/08/2012 16:01,
4262,8,08/08/2012 18:54,
4262,6,08/08/2012 19:07,
4266,3,08/08/2012 21:56,
4266,1,08/08/2012 21:57,
4266,8,08/08/2012 22:01,
4266,6,08/08/2012 22:34,
4267,1,08/08/2012 23:16,
4267,8,08/08/2012 23:21,
4267,6,08/08/2012 23:35,
4267,6,09/08/2012 15:40,
4269,1,09/08/2012 15:40,
4269,8,09/08/2012 16:04,
4269,9,09/08/2012 16:26,
4269,6,09/08/2012 16:55,
4272,1,09/08/2012 16:57,
4272,8,09/08/2012 17:25,
4272,6,09/08/2012 18:48,
4278,1,09/08/2012 20:06,
4278,8,09/08/2012 20:13,
4278,6,09/08/2012 20:13,
4278,6,09/08/2012 20:46,
4279,1,09/08/2012 21:11,
4279,1,09/08/2012 21:16,
4279,8,09/08/2012 21:29,
4279,6,09/08/2012 21:35,
4282,1,09/08/2012 21:43,
4282,8,09/08/2012 21:58,
4282,6,09/08/2012 22:44,
4286,1,09/08/2012 23:16,
4286,8,09/08/2012 23:21,
4286,6,09/08/2012 23:56,
4293,1,10/08/2012 00:03,
4293,8,10/08/2012 14:49,
4293,6,10/08/2012 14:59,
4297,1,10/08/2012 15:02,
4297,8,10/08/2012 15:02,
4297,6,10/08/2012 15:03,
4304,1,10/08/2012 15:18,
4304,8,10/08/2012 15:33,
4304,8,10/08/2012 15:35,
4304,6,10/08/2012 15:42,
4305,1,10/08/2012 15:48,
4305,8,10/08/2012 16:20,
4305,9,10/08/2012 17:10,
4305,6,10/08/2012 17:28,
4309,1,10/08/2012 17:34,
4309,8,10/08/2012 17:39,
4309,9,10/08/2012 18:13,
4309,6,10/08/2012 18:35,
4311,1,10/08/2012 20:55,
4311,8,10/08/2012 21:16,
4311,6,10/08/2012 21:34,
4313,1,10/08/2012 22:02,
4313,8,10/08/2012 22:45,
4313,6,10/08/2012 22:50,
4314,1,10/08/2012 23:21,
4314,8,13/08/2012 15:11,
4314,9,13/08/2012 15:11,
4314,6,13/08/2012 16:22,
4315,1,13/08/2012 16:22,
4315,8,13/08/2012 16:28,
4315,6,13/08/2012 16:58,
4319,1,13/08/2012 17:26,
4319,8,13/08/2012 17:26,
4319,6,13/08/2012 18:45,
4326,1,13/08/2012 18:46,
4326,8,13/08/2012 20:36,
4326,9,13/08/2012 20:39,
4326,6,13/08/2012 20:39,
4328,1,13/08/2012 20:42,
4328,8,13/08/2012 21:01,
4328,6,13/08/2012 21:06,
4334,1,13/08/2012 23:07,
4334,8,13/08/2012 23:58,
4334,6,13/08/2012 23:58,
4335,1,14/08/2012 16:26,
4335,8,14/08/2012 16:35,
4335,6,14/08/2012 16:51,
4340,1,14/08/2012 16:58,
4340,8,14/08/2012 18:57,
4340,6,14/08/2012 20:08,
4343,1,14/08/2012 20:08,
4343,8,14/08/2012 21:15,
4343,6,14/08/2012 21:15,
4344,1,14/08/2012 21:17,
4344,8,14/08/2012 23:55,
4344,6,16/08/2012 14:56,
4355,1,16/08/2012 15:11,
4355,8,16/08/2012 15:12,
4355,6,16/08/2012 15:25,
4359,1,16/08/2012 15:25,
4359,8,16/08/2012 16:22,
4359,9,16/08/2012 16:22,
4359,6,16/08/2012 17:12,
4364,1,17/08/2012 22:38,
4364,8,20/08/2012 16:22,
4364,6,20/08/2012 16:23,
4365,1,20/08/2012 17:10,
4365,8,20/08/2012 17:49,
4365,9,20/08/2012 20:48,
4365,6,20/08/2012 21:39,
4372,1,20/08/2012 23:32,
4372,6,21/08/2012 15:20,
4373,1,21/08/2012 16:46,
4373,8,21/08/2012 17:25,
4373,6,21/08/2012 20:14,
4379,1,21/08/2012 23:57,
4379,8,22/08/2012 16:46,
4379,6,22/08/2012 20:23,
4386,1,22/08/2012 22:24,
4386,8,22/08/2012 22:28,
4386,6,22/08/2012 23:06,
4386,6,22/08/2012 23:30,
4390,1,23/08/2012 15:05,
4390,8,23/08/2012 21:45,
4390,6,23/08/2012 22:20,
4394,1,23/08/2012 22:29,
4394,8,23/08/2012 22:30,
4394,6,23/08/2012 22:30,
4395,1,27/08/2012 15:43,
4395,8,27/08/2012 16:26,
4395,9,27/08/2012 16:28,
4395,8,27/08/2012 16:37,
4395,9,27/08/2012 16:59,
4395,6,27/08/2012 18:05,
4396,1,27/08/2012 18:14,
4396,8,27/08/2012 18:23,
4396,6,27/08/2012 18:50,
4397,1,27/08/2012 18:53,
4397,8,27/08/2012 20:20,
4397,6,27/08/2012 21:28,
4403,1,27/08/2012 21:56,
4403,8,27/08/2012 22:18,
4403,6,27/08/2012 23:32,
4408,1,27/08/2012 23:52,
4408,8,28/08/2012 18:19,
4408,6,28/08/2012 21:08,
4411,1,28/08/2012 21:09,
4411,8,28/08/2012 23:03,
4411,9,28/08/2012 23:28,
4411,8,29/08/2012 15:29,
4411,9,29/08/2012 15:29,
4411,6,29/08/2012 20:41,
4413,1,30/08/2012 20:03,
4413,8,30/08/2012 23:52,
4413,6,31/08/2012 14:59,
4416,1,31/08/2012 17:02,
4416,8,31/08/2012 18:38,
4416,8,31/08/2012 18:40,
4416,6,31/08/2012 23:10,
4418,1,03/09/2012 17:56,
4418,8,03/09/2012 17:56,
4418,6,03/09/2012 18:13,
4419,1,03/09/2012 18:50,
4419,9,03/09/2012 18:52,
4419,6,03/09/2012 23:52,
4420,1,03/09/2012 23:57,
4420,8,04/09/2012 00:10,
4420,6,04/09/2012 00:17,
4429,1,04/09/2012 15:09,
4429,8,04/09/2012 15:16,
4429,6,04/09/2012 16:09,
4430,1,04/09/2012 21:52,
4430,8,04/09/2012 22:37,
4430,6,04/09/2012 23:47,
4444,1,05/09/2012 15:13,
4444,8,05/09/2012 16:54,
4444,6,05/09/2012 16:59,
4446,1,05/09/2012 17:53,
4446,8,05/09/2012 18:06,
4446,6,05/09/2012 18:07,
4448,1,05/09/2012 18:07,
4448,8,05/09/2012 20:43,
4448,6,05/09/2012 22:46,
4452,1,05/09/2012 22:49,
4452,8,05/09/2012 23:05,
4452,6,06/09/2012 15:14,
4455,1,06/09/2012 15:19,
4455,8,06/09/2012 16:45,
4455,6,06/09/2012 21:21,
4459,1,06/09/2012 22:38,
4459,8,06/09/2012 22:56,
4459,9,07/09/2012 15:20,
4459,6,07/09/2012 18:10,
4460,1,07/09/2012 20:24,
4460,8,07/09/2012 20:34,
4460,6,07/09/2012 21:10,
4461,1,10/09/2012 16:07,
4461,8,10/09/2012 17:51,
4461,6,10/09/2012 18:36,
4466,1,10/09/2012 18:50,
4466,9,10/09/2012 23:35,
4466,6,10/09/2012 23:35,
4468,1,11/09/2012 23:56,
4468,6,12/09/2012 15:54,
4469,1,12/09/2012 17:42,
4469,8,12/09/2012 21:48,
4469,6,12/09/2012 22:44,
4475,1,13/09/2012 15:57,
4475,8,13/09/2012 20:53,
4475,6,13/09/2012 20:53,
4491,1,13/09/2012 21:22,
4491,8,13/09/2012 21:52,
4491,6,13/09/2012 22:58,
4498,1,14/09/2012 15:17,
4498,8,14/09/2012 15:18,
4498,9,14/09/2012 15:52,
4498,6,14/09/2012 22:06,
4508,1,17/09/2012 15:35,
4508,8,17/09/2012 15:38,
4508,6,17/09/2012 17:46,
4515,1,17/09/2012 17:56,
4515,8,18/09/2012 23:18,
4515,6,19/09/2012 16:10,
4522,1,19/09/2012 17:24,
4522,8,19/09/2012 18:00,
4522,9,19/09/2012 22:17,
4522,6,20/09/2012 18:32,
4526,1,20/09/2012 21:22,
4526,8,20/09/2012 22:10,
4526,6,20/09/2012 22:11,
4531,8,21/09/2012 15:17,
4531,6,21/09/2012 15:37,
4533,1,21/09/2012 15:52,
4533,8,21/09/2012 16:35,
4533,6,21/09/2012 16:36,
4538,1,21/09/2012 18:36,
4538,8,21/09/2012 18:55,
4538,8,21/09/2012 20:17,
4538,8,21/09/2012 20:21,
4538,6,21/09/2012 20:21,
4541,1,21/09/2012 20:25,
4541,8,21/09/2012 21:52,
4541,6,24/09/2012 15:01,
4542,1,24/09/2012 15:37,
4542,8,24/09/2012 16:04,
4542,6,24/09/2012 18:34,
4545,1,24/09/2012 18:34,
4545,8,24/09/2012 18:34,
4545,9,25/09/2012 15:11,
4545,6,25/09/2012 18:02,
4546,1,25/09/2012 23:24,
4546,1,25/09/2012 23:52,
4546,6,25/09/2012 23:58,
4547,1,27/09/2012 15:37,
4547,8,27/09/2012 15:48,
4547,6,27/09/2012 22:03,
4551,1,27/09/2012 22:04,
4551,8,28/09/2012 18:14,
4551,9,28/09/2012 18:39,
4551,6,28/09/2012 21:55,
4552,1,28/09/2012 23:42,
4552,8,01/10/2012 16:22,
4552,6,01/10/2012 18:48,
4554,1,01/10/2012 18:53,
4554,8,01/10/2012 18:54,
4554,9,01/10/2012 18:54,
4554,8,02/10/2012 15:03,
4554,9,02/10/2012 15:03,
4554,6,02/10/2012 16:08,
4555,1,02/10/2012 17:25,
4555,8,02/10/2012 22:25,
4555,6,02/10/2012 22:25,
4556,1,04/10/2012 16:00,
4556,8,04/10/2012 21:48,
4556,6,08/10/2012 15:58,
4557,1,08/10/2012 16:52,
4557,8,09/10/2012 17:29,
4557,6,09/10/2012 17:32,
4559,1,10/10/2012 00:20,
4559,8,12/10/2012 16:57,
4559,6,12/10/2012 17:04,
4560,1,12/10/2012 17:16,
4560,8,12/10/2012 17:19,
4560,6,12/10/2012 17:24,
4562,1,12/10/2012 18:15,
4562,8,12/10/2012 18:16,
4562,8,12/10/2012 18:21,
4562,6,12/10/2012 18:23,
4566,1,12/10/2012 19:10,
4566,8,12/10/2012 23:00,
4566,6,12/10/2012 23:00,
4567,1,12/10/2012 23:01,
4567,8,16/10/2012 16:19,
4567,9,17/10/2012 16:16,
4567,8,17/10/2012 16:17,
4567,9,17/10/2012 16:18,
4567,6,17/10/2012 19:41,
4570,1,17/10/2012 19:41,
4570,8,17/10/2012 20:49,
4570,6,18/10/2012 16:33,
4570,6,19/10/2012 17:02,
4576,1,19/10/2012 17:49,
4576,8,22/10/2012 18:49,
4576,6,23/10/2012 18:32,
4580,8,26/10/2012 18:32,
4580,9,30/10/2012 01:12,
4580,6,06/11/2012 01:41,
